-- phpMyAdmin SQL Dump
-- version 5.2.0
-- https://www.phpmyadmin.net/
--
-- Host: 127.0.0.1:3308
-- Generation Time: Jun 02, 2024 at 05:28 PM
-- Server version: 10.4.27-MariaDB
-- PHP Version: 8.1.12

SET SQL_MODE = "NO_AUTO_VALUE_ON_ZERO";
START TRANSACTION;
SET time_zone = "+00:00";


/*!40101 SET @OLD_CHARACTER_SET_CLIENT=@@CHARACTER_SET_CLIENT */;
/*!40101 SET @OLD_CHARACTER_SET_RESULTS=@@CHARACTER_SET_RESULTS */;
/*!40101 SET @OLD_COLLATION_CONNECTION=@@COLLATION_CONNECTION */;
/*!40101 SET NAMES utf8mb4 */;

--
-- Database: `tabulation`
--

-- --------------------------------------------------------

--
-- Table structure for table `active_round`
--

CREATE TABLE `active_round` (
  `criteria_active_id` int(11) NOT NULL,
  `round_no` int(11) DEFAULT NULL
) ENGINE=InnoDB DEFAULT CHARSET=utf8mb4 COLLATE=utf8mb4_general_ci ROW_FORMAT=DYNAMIC;

--
-- Dumping data for table `active_round`
--

INSERT INTO `active_round` (`criteria_active_id`, `round_no`) VALUES
(210, 5);

-- --------------------------------------------------------

--
-- Table structure for table `tbl_contestant`
--

CREATE TABLE `tbl_contestant` (
  `contestant_id` int(11) NOT NULL,
  `contestant_name` varchar(50) DEFAULT NULL,
  `photo` varchar(255) DEFAULT NULL,
  `seq_no` int(11) DEFAULT NULL,
  `is_active` int(11) DEFAULT NULL
) ENGINE=InnoDB DEFAULT CHARSET=utf8mb4 COLLATE=utf8mb4_general_ci ROW_FORMAT=DYNAMIC;

--
-- Dumping data for table `tbl_contestant`
--

INSERT INTO `tbl_contestant` (`contestant_id`, `contestant_name`, `photo`, `seq_no`, `is_active`) VALUES
(62, 'Candidate 1 (Sta Teresa)', '26b5eef28bf09b5a3a1a1827c77a524d.jpg', 1, 1),
(63, 'Candidate 2 (San Mariano)', '4b24c5d31e05ff7b3c6b1911252674af.jpg', 2, 1),
(64, 'Candidate 3 (Katipunan)', '959202f7e5bb46f3426a1ce1eedffdeb.jpg', 3, 1),
(65, 'Candidate 4 (Dep Ed)', 'feba266dcac7a6a92d3f3b14dd6296c8.jpg', 4, 1),
(66, 'Candidate 5 (San Isidro)', '0531f10f1f500193e08731232f0261c6.jpg', 5, 1),
(67, 'Candidate 6 (Sto Tomas)', 'e20db69daafaa9b463b0895709653cd1.jpg', 6, 1),
(68, 'Candidate 7 (Sto. Niño)', '26da8169e7dd24e01615c35a22253d80.jpg', 7, 1),
(69, 'Candidate 8 (Magaud)', '99ad378d1069d99bb378e79d6940ba36.jpg', 8, 1),
(70, 'Candidate 9 (Johnson)', 'aad6e37210f93abdf214e4685747f928.jpg', 9, 1),
(71, 'Candidate 10 (Violanta)', '63dd38b6d42bad2b55cc0ac29d3af840.jpg', 10, 1),
(72, 'Candidate 11 (Sabud)', 'c140a04d826baaf691a92ce1f0b756f5.jpg', 11, 1),
(73, 'Candidate 12 (Binucayan)', 'eacfb040ebf6b6e2466e3a905def458b.jpg', 12, 1),
(74, 'Candidate 13 (Kasapa)', '03426972aef859700ebb3bc21a2ca6e6.jpg', 13, 1),
(75, 'Candidate 14 (Nueva Gracia)', '7ca0748e9b45573c1f44005a3d4a985b.jpg', 14, 1),
(76, 'Candidate 15 (Kauswagan)', '4c6dff9a87934b799ec3526ea5093530.jpg', 15, 1),
(77, 'Candidate 16 (San Vicente)', 'a53d9c321e46e8ea2332aae5494e9f58.jpg', 16, 1),
(78, 'Candidate 17 (Poblacion)', '312e58279fc7ed44429af82c39e81f21.jpg', 17, 1),
(79, 'Candidate 18 (Waloe)', '696f4d1e0e8e76b00c1e45348700bd4e.jpg', 18, 1);

-- --------------------------------------------------------

--
-- Table structure for table `tbl_contestant_round`
--

CREATE TABLE `tbl_contestant_round` (
  `contestant_round_id` int(11) NOT NULL,
  `contestant_id` int(11) DEFAULT NULL,
  `round_no` int(11) DEFAULT NULL
) ENGINE=InnoDB DEFAULT CHARSET=utf8mb4 COLLATE=utf8mb4_general_ci ROW_FORMAT=DYNAMIC;

--
-- Dumping data for table `tbl_contestant_round`
--

INSERT INTO `tbl_contestant_round` (`contestant_round_id`, `contestant_id`, `round_no`) VALUES
(436, 62, 2),
(437, 63, 2),
(438, 64, 2),
(439, 65, 2),
(440, 66, 2),
(441, 67, 2),
(442, 68, 2),
(443, 69, 2),
(444, 70, 2),
(445, 71, 2),
(446, 72, 2),
(447, 73, 2),
(448, 74, 2),
(449, 75, 2),
(450, 76, 2),
(451, 77, 2),
(452, 78, 2),
(453, 79, 2),
(472, 62, 3),
(473, 63, 3),
(474, 64, 3),
(475, 65, 3),
(476, 66, 3),
(477, 67, 3),
(478, 68, 3),
(479, 69, 3),
(480, 70, 3),
(481, 71, 3),
(482, 72, 3),
(483, 73, 3),
(484, 74, 3),
(485, 75, 3),
(486, 76, 3),
(487, 77, 3),
(488, 78, 3),
(489, 79, 3),
(495, 62, 1),
(496, 63, 1),
(497, 64, 1),
(498, 77, 4),
(499, 78, 4),
(500, 79, 4),
(501, 68, 4),
(502, 67, 4),
(503, 69, 4),
(504, 73, 4),
(505, 70, 4),
(506, 68, 5),
(507, 70, 5),
(508, 69, 5),
(509, 67, 5),
(510, 79, 5);

-- --------------------------------------------------------

--
-- Table structure for table `tbl_criteria`
--

CREATE TABLE `tbl_criteria` (
  `criteria_id` int(11) NOT NULL,
  `criteria_desc` varchar(50) DEFAULT NULL,
  `criteria_definition` varchar(500) NOT NULL,
  `percentage` double NOT NULL,
  `max_percentage` double DEFAULT NULL,
  `round_no` int(11) NOT NULL,
  `is_active` tinyint(4) DEFAULT NULL
) ENGINE=InnoDB DEFAULT CHARSET=utf8mb4 COLLATE=utf8mb4_general_ci ROW_FORMAT=DYNAMIC;

--
-- Dumping data for table `tbl_criteria`
--

INSERT INTO `tbl_criteria` (`criteria_id`, `criteria_desc`, `criteria_definition`, `percentage`, `max_percentage`, `round_no`, `is_active`) VALUES
(65, 'Stage Projection', '', 30, 10, 1, 1),
(66, 'Elegance', '', 20, 10, 1, 1),
(67, 'Bearing and Personality', '', 30, 10, 1, 1),
(71, 'Closed Door Interview', '', 100, 10, 2, 1),
(72, 'Swimsuit', '', 10, 10, 3, 1),
(73, 'Evening Gown', '', 10, 10, 3, 1),
(74, 'Closed-Door Interview', '', 30, 10, 3, 0),
(75, 'Beauty of Face and Figure', '', 25, 10, 3, 1),
(76, 'Bearing and Personality', '', 25, 10, 3, 1),
(77, 'Swimsuit', '', 15, 10, 4, 1),
(78, 'Evening Gown', '', 15, 10, 4, 1),
(79, 'Interview', '', 30, 10, 4, 1),
(80, 'Beauty of Face and Figure', '', 20, 10, 4, 1),
(81, 'Bearing and Personality', '', 20, 10, 4, 1),
(82, 'Wit and Intelligence', '', 40, 10, 5, 1),
(83, 'Poise and Bearing', '', 30, 10, 5, 1),
(84, 'Beauty of Face and Figure', '', 30, 10, 5, 1),
(85, 'Beauty of Face and Figure', '', 20, 10, 1, 1);

-- --------------------------------------------------------

--
-- Table structure for table `tbl_tabulations`
--

CREATE TABLE `tbl_tabulations` (
  `tabulation_id` int(11) NOT NULL,
  `contestant_round_id` int(11) DEFAULT NULL,
  `user_id` int(11) DEFAULT NULL,
  `criteria_id` int(11) DEFAULT NULL,
  `score` double DEFAULT NULL,
  `is_lock` int(11) NOT NULL
) ENGINE=InnoDB DEFAULT CHARSET=utf8mb4 COLLATE=utf8mb4_general_ci;

--
-- Dumping data for table `tbl_tabulations`
--

INSERT INTO `tbl_tabulations` (`tabulation_id`, `contestant_round_id`, `user_id`, `criteria_id`, `score`, `is_lock`) VALUES
(8091, 436, 25, 71, 7, 0),
(8092, 436, 46, 71, 5.5, 0),
(8093, 436, 47, 71, 6, 0),
(8094, 437, 25, 71, 7.3, 0),
(8095, 437, 46, 71, 6.7, 0),
(8096, 437, 47, 71, 6.5, 0),
(8097, 438, 25, 71, 7.4, 0),
(8098, 438, 46, 71, 7.5, 0),
(8099, 438, 47, 71, 6.7, 0),
(8100, 439, 25, 71, 9.5, 0),
(8101, 439, 46, 71, 9.3, 0),
(8102, 439, 47, 71, 9, 0),
(8103, 440, 25, 71, 8.5, 0),
(8104, 440, 46, 71, 8.7, 0),
(8105, 440, 47, 71, 8.2, 0),
(8106, 441, 25, 71, 8.7, 0),
(8107, 441, 46, 71, 9, 0),
(8108, 441, 47, 71, 8.3, 0),
(8109, 442, 25, 71, 9.3, 0),
(8110, 442, 46, 71, 9.2, 0),
(8111, 442, 47, 71, 8.1, 0),
(8112, 443, 25, 71, 10, 0),
(8113, 443, 46, 71, 9.3, 0),
(8114, 443, 47, 71, 9, 0),
(8115, 444, 25, 71, 10, 0),
(8116, 444, 46, 71, 9.6, 0),
(8117, 444, 47, 71, 9.8, 0),
(8118, 445, 25, 71, 8, 0),
(8119, 445, 46, 71, 7.55, 0),
(8120, 445, 47, 71, 7, 0),
(8121, 446, 25, 71, 7, 0),
(8122, 446, 46, 71, 4.5, 0),
(8123, 446, 47, 71, 6, 0),
(8124, 447, 25, 71, 9.4, 0),
(8125, 447, 46, 71, 9.4, 0),
(8126, 447, 47, 71, 9, 0),
(8127, 448, 25, 71, 7.5, 0),
(8128, 448, 46, 71, 8.9, 0),
(8129, 448, 47, 71, 7.5, 0),
(8130, 449, 25, 71, 7.4, 0),
(8131, 449, 46, 71, 8.8, 0),
(8132, 449, 47, 71, 7.5, 0),
(8133, 450, 25, 71, 7.2, 0),
(8134, 450, 46, 71, 8.4, 0),
(8135, 450, 47, 71, 7.5, 0),
(8136, 451, 25, 71, 7.5, 0),
(8137, 451, 46, 71, 8.2, 0),
(8138, 451, 47, 71, 6, 0),
(8139, 452, 25, 71, 10, 0),
(8140, 452, 46, 71, 9.35, 0),
(8141, 452, 47, 71, 9.3, 0),
(8142, 453, 25, 71, 8.6, 0),
(8143, 453, 46, 71, 8.3, 0),
(8144, 453, 47, 71, 7.5, 0),
(8415, 472, 25, 72, 8, 0),
(8416, 472, 25, 73, 7, 0),
(8417, 472, 25, 74, 6.17, 0),
(8418, 472, 25, 75, 6, 0),
(8419, 472, 25, 76, 6, 0),
(8420, 472, 46, 72, 8, 0),
(8421, 472, 46, 73, 7, 0),
(8422, 472, 46, 74, 6.17, 0),
(8423, 472, 46, 75, 8, 0),
(8424, 472, 46, 76, 8, 0),
(8425, 472, 47, 72, 6, 0),
(8426, 472, 47, 73, 7, 0),
(8427, 472, 47, 74, 6.17, 0),
(8428, 472, 47, 75, 6, 0),
(8429, 472, 47, 76, 7, 0),
(8430, 472, 48, 72, 5, 0),
(8431, 472, 48, 73, 5, 0),
(8432, 472, 48, 74, 6.17, 0),
(8433, 472, 48, 75, 5, 0),
(8434, 472, 48, 76, 5, 0),
(8435, 472, 49, 72, 5, 0),
(8436, 472, 49, 73, 6, 0),
(8437, 472, 49, 74, 6.17, 0),
(8438, 472, 49, 75, 5, 0),
(8439, 472, 49, 76, 5, 0),
(8440, 472, 50, 72, 7.5, 0),
(8441, 472, 50, 73, 7.8, 0),
(8442, 472, 50, 74, 6.17, 0),
(8443, 472, 50, 75, 8, 0),
(8444, 472, 50, 76, 7, 0),
(8445, 472, 51, 72, 7, 0),
(8446, 472, 51, 73, 7.5, 0),
(8447, 472, 51, 74, 6.17, 0),
(8448, 472, 51, 75, 9, 0),
(8449, 472, 51, 76, 8, 0),
(8450, 472, 52, 72, 7, 0),
(8451, 472, 52, 73, 6.5, 0),
(8452, 472, 52, 74, 6.17, 0),
(8453, 472, 52, 75, 6.5, 0),
(8454, 472, 52, 76, 7, 0),
(8455, 472, 53, 72, 7, 0),
(8456, 472, 53, 73, 7, 0),
(8457, 472, 53, 74, 6.17, 0),
(8458, 472, 53, 75, 6, 0),
(8459, 472, 53, 76, 6, 0),
(8460, 473, 25, 72, 8, 0),
(8461, 473, 25, 73, 6, 0),
(8462, 473, 25, 74, 6.83, 0),
(8463, 473, 25, 75, 6, 0),
(8464, 473, 25, 76, 7, 0),
(8465, 473, 46, 72, 9, 0),
(8466, 473, 46, 73, 8, 0),
(8467, 473, 46, 74, 6.83, 0),
(8468, 473, 46, 75, 8, 0),
(8469, 473, 46, 76, 8, 0),
(8470, 473, 47, 72, 6, 0),
(8471, 473, 47, 73, 8, 0),
(8472, 473, 47, 74, 6.83, 0),
(8473, 473, 47, 75, 6, 0),
(8474, 473, 47, 76, 7, 0),
(8475, 473, 48, 72, 5, 0),
(8476, 473, 48, 73, 5, 0),
(8477, 473, 48, 74, 6.83, 0),
(8478, 473, 48, 75, 5, 0),
(8479, 473, 48, 76, 5, 0),
(8480, 473, 49, 72, 5, 0),
(8481, 473, 49, 73, 5, 0),
(8482, 473, 49, 74, 6.83, 0),
(8483, 473, 49, 75, 7, 0),
(8484, 473, 49, 76, 7, 0),
(8485, 473, 50, 72, 7, 0),
(8486, 473, 50, 73, 7.3, 0),
(8487, 473, 50, 74, 6.83, 0),
(8488, 473, 50, 75, 7, 0),
(8489, 473, 50, 76, 6, 0),
(8490, 473, 51, 72, 8, 0),
(8491, 473, 51, 73, 7.5, 0),
(8492, 473, 51, 74, 6.83, 0),
(8493, 473, 51, 75, 8, 0),
(8494, 473, 51, 76, 8, 0),
(8495, 473, 52, 72, 8.5, 0),
(8496, 473, 52, 73, 7.8, 0),
(8497, 473, 52, 74, 6.83, 0),
(8498, 473, 52, 75, 7, 0),
(8499, 473, 52, 76, 8, 0),
(8500, 473, 53, 72, 6, 0),
(8501, 473, 53, 73, 6, 0),
(8502, 473, 53, 74, 6.83, 0),
(8503, 473, 53, 75, 7, 0),
(8504, 473, 53, 76, 7, 0),
(8505, 474, 25, 72, 6, 0),
(8506, 474, 25, 73, 6, 0),
(8507, 474, 25, 74, 7.2, 0),
(8508, 474, 25, 75, 5, 0),
(8509, 474, 25, 76, 6, 0),
(8510, 474, 46, 72, 7, 0),
(8511, 474, 46, 73, 7, 0),
(8512, 474, 46, 74, 7.2, 0),
(8513, 474, 46, 75, 6, 0),
(8514, 474, 46, 76, 8, 0),
(8515, 474, 47, 72, 7, 0),
(8516, 474, 47, 73, 7, 0),
(8517, 474, 47, 74, 7.2, 0),
(8518, 474, 47, 75, 6, 0),
(8519, 474, 47, 76, 7, 0),
(8520, 474, 48, 72, 5, 0),
(8521, 474, 48, 73, 5, 0),
(8522, 474, 48, 74, 7.2, 0),
(8523, 474, 48, 75, 5, 0),
(8524, 474, 48, 76, 5, 0),
(8525, 474, 49, 72, 7, 0),
(8526, 474, 49, 73, 6, 0),
(8527, 474, 49, 74, 7.2, 0),
(8528, 474, 49, 75, 5, 0),
(8529, 474, 49, 76, 5, 0),
(8530, 474, 50, 72, 8.2, 0),
(8531, 474, 50, 73, 8.6, 0),
(8532, 474, 50, 74, 7.2, 0),
(8533, 474, 50, 75, 9, 0),
(8534, 474, 50, 76, 8, 0),
(8535, 474, 51, 72, 8, 0),
(8536, 474, 51, 73, 8, 0),
(8537, 474, 51, 74, 7.2, 0),
(8538, 474, 51, 75, 7, 0),
(8539, 474, 51, 76, 7, 0),
(8540, 474, 52, 72, 6.5, 0),
(8541, 474, 52, 73, 6.9, 0),
(8542, 474, 52, 74, 7.2, 0),
(8543, 474, 52, 75, 5.5, 0),
(8544, 474, 52, 76, 6, 0),
(8545, 474, 53, 72, 5.5, 0),
(8546, 474, 53, 73, 5, 0),
(8547, 474, 53, 74, 7.2, 0),
(8548, 474, 53, 75, 6, 0),
(8549, 474, 53, 76, 6, 0),
(8550, 475, 25, 72, 6, 0),
(8551, 475, 25, 73, 6, 0),
(8552, 475, 25, 74, 9.27, 0),
(8553, 475, 25, 75, 5, 0),
(8554, 475, 25, 76, 7, 0),
(8555, 475, 46, 72, 8, 0),
(8556, 475, 46, 73, 7, 0),
(8557, 475, 46, 74, 9.27, 0),
(8558, 475, 46, 75, 7, 0),
(8559, 475, 46, 76, 7, 0),
(8560, 475, 47, 72, 7, 0),
(8561, 475, 47, 73, 6, 0),
(8562, 475, 47, 74, 9.27, 0),
(8563, 475, 47, 75, 5, 0),
(8564, 475, 47, 76, 6, 0),
(8565, 475, 48, 72, 5, 0),
(8566, 475, 48, 73, 5, 0),
(8567, 475, 48, 74, 9.27, 0),
(8568, 475, 48, 75, 5, 0),
(8569, 475, 48, 76, 5, 0),
(8570, 475, 49, 72, 6, 0),
(8571, 475, 49, 73, 5, 0),
(8572, 475, 49, 74, 9.27, 0),
(8573, 475, 49, 75, 5, 0),
(8574, 475, 49, 76, 6, 0),
(8575, 475, 50, 72, 9, 0),
(8576, 475, 50, 73, 8.4, 0),
(8577, 475, 50, 74, 9.27, 0),
(8578, 475, 50, 75, 7, 0),
(8579, 475, 50, 76, 6, 0),
(8580, 475, 51, 72, 7, 0),
(8581, 475, 51, 73, 8, 0),
(8582, 475, 51, 74, 9.27, 0),
(8583, 475, 51, 75, 7, 0),
(8584, 475, 51, 76, 9, 0),
(8585, 475, 52, 72, 6, 0),
(8586, 475, 52, 73, 7.5, 0),
(8587, 475, 52, 74, 9.27, 0),
(8588, 475, 52, 75, 6, 0),
(8589, 475, 52, 76, 6, 0),
(8590, 475, 53, 72, 7, 0),
(8591, 475, 53, 73, 7.5, 0),
(8592, 475, 53, 74, 9.27, 0),
(8593, 475, 53, 75, 5, 0),
(8594, 475, 53, 76, 5, 0),
(8595, 476, 25, 72, 9, 0),
(8596, 476, 25, 73, 6, 0),
(8597, 476, 25, 74, 8.47, 0),
(8598, 476, 25, 75, 5, 0),
(8599, 476, 25, 76, 7, 0),
(8600, 476, 46, 72, 8, 0),
(8601, 476, 46, 73, 7, 0),
(8602, 476, 46, 74, 8.47, 0),
(8603, 476, 46, 75, 9, 0),
(8604, 476, 46, 76, 8, 0),
(8605, 476, 47, 72, 8, 0),
(8606, 476, 47, 73, 7, 0),
(8607, 476, 47, 74, 8.47, 0),
(8608, 476, 47, 75, 8, 0),
(8609, 476, 47, 76, 7, 0),
(8610, 476, 48, 72, 5, 0),
(8611, 476, 48, 73, 5, 0),
(8612, 476, 48, 74, 8.47, 0),
(8613, 476, 48, 75, 5, 0),
(8614, 476, 48, 76, 5, 0),
(8615, 476, 49, 72, 6, 0),
(8616, 476, 49, 73, 5, 0),
(8617, 476, 49, 74, 8.47, 0),
(8618, 476, 49, 75, 7, 0),
(8619, 476, 49, 76, 7, 0),
(8620, 476, 50, 72, 9.3, 0),
(8621, 476, 50, 73, 7.9, 0),
(8622, 476, 50, 74, 8.47, 0),
(8623, 476, 50, 75, 9, 0),
(8624, 476, 50, 76, 8, 0),
(8625, 476, 51, 72, 6.5, 0),
(8626, 476, 51, 73, 7, 0),
(8627, 476, 51, 74, 8.47, 0),
(8628, 476, 51, 75, 9, 0),
(8629, 476, 51, 76, 8, 0),
(8630, 476, 52, 72, 6.3, 0),
(8631, 476, 52, 73, 7, 0),
(8632, 476, 52, 74, 8.47, 0),
(8633, 476, 52, 75, 5.5, 0),
(8634, 476, 52, 76, 7, 0),
(8635, 476, 53, 72, 6.25, 0),
(8636, 476, 53, 73, 6.25, 0),
(8637, 476, 53, 74, 8.47, 0),
(8638, 476, 53, 75, 6.25, 0),
(8639, 476, 53, 76, 6.25, 0),
(8640, 477, 25, 72, 10, 0),
(8641, 477, 25, 73, 10, 0),
(8642, 477, 25, 74, 8.67, 0),
(8643, 477, 25, 75, 8, 0),
(8644, 477, 25, 76, 9, 0),
(8645, 477, 46, 72, 9, 0),
(8646, 477, 46, 73, 9, 0),
(8647, 477, 46, 74, 8.67, 0),
(8648, 477, 46, 75, 9, 0),
(8649, 477, 46, 76, 9, 0),
(8650, 477, 47, 72, 7, 0),
(8651, 477, 47, 73, 8, 0),
(8652, 477, 47, 74, 8.67, 0),
(8653, 477, 47, 75, 7, 0),
(8654, 477, 47, 76, 8, 0),
(8655, 477, 48, 72, 5, 0),
(8656, 477, 48, 73, 5, 0),
(8657, 477, 48, 74, 8.67, 0),
(8658, 477, 48, 75, 6, 0),
(8659, 477, 48, 76, 8, 0),
(8660, 477, 49, 72, 7, 0),
(8661, 477, 49, 73, 6, 0),
(8662, 477, 49, 74, 8.67, 0),
(8663, 477, 49, 75, 7, 0),
(8664, 477, 49, 76, 7, 0),
(8665, 477, 50, 72, 8.4, 0),
(8666, 477, 50, 73, 9, 0),
(8667, 477, 50, 74, 8.67, 0),
(8668, 477, 50, 75, 8, 0),
(8669, 477, 50, 76, 9, 0),
(8670, 477, 51, 72, 6.5, 0),
(8671, 477, 51, 73, 7.5, 0),
(8672, 477, 51, 74, 8.67, 0),
(8673, 477, 51, 75, 9, 0),
(8674, 477, 51, 76, 8, 0),
(8675, 477, 52, 72, 8, 0),
(8676, 477, 52, 73, 7, 0),
(8677, 477, 52, 74, 8.67, 0),
(8678, 477, 52, 75, 7.5, 0),
(8679, 477, 52, 76, 7.5, 0),
(8680, 477, 53, 72, 7, 0),
(8681, 477, 53, 73, 8.5, 0),
(8682, 477, 53, 74, 8.67, 0),
(8683, 477, 53, 75, 7.5, 0),
(8684, 477, 53, 76, 7.5, 0),
(8685, 478, 25, 72, 10, 0),
(8686, 478, 25, 73, 8, 0),
(8687, 478, 25, 74, 8.87, 0),
(8688, 478, 25, 75, 8, 0),
(8689, 478, 25, 76, 7, 0),
(8690, 478, 46, 72, 8, 0),
(8691, 478, 46, 73, 8, 0),
(8692, 478, 46, 74, 8.87, 0),
(8693, 478, 46, 75, 7, 0),
(8694, 478, 46, 76, 7, 0),
(8695, 478, 47, 72, 8, 0),
(8696, 478, 47, 73, 8, 0),
(8697, 478, 47, 74, 8.87, 0),
(8698, 478, 47, 75, 7, 0),
(8699, 478, 47, 76, 7, 0),
(8700, 478, 48, 72, 5, 0),
(8701, 478, 48, 73, 5, 0),
(8702, 478, 48, 74, 8.87, 0),
(8703, 478, 48, 75, 5, 0),
(8704, 478, 48, 76, 5, 0),
(8705, 478, 49, 72, 7, 0),
(8706, 478, 49, 73, 8, 0),
(8707, 478, 49, 74, 8.87, 0),
(8708, 478, 49, 75, 7, 0),
(8709, 478, 49, 76, 7, 0),
(8710, 478, 50, 72, 10, 0),
(8711, 478, 50, 73, 9.3, 0),
(8712, 478, 50, 74, 8.87, 0),
(8713, 478, 50, 75, 10, 0),
(8714, 478, 50, 76, 9, 0),
(8715, 478, 51, 72, 8.5, 0),
(8716, 478, 51, 73, 7, 0),
(8717, 478, 51, 74, 8.87, 0),
(8718, 478, 51, 75, 10, 0),
(8719, 478, 51, 76, 9, 0),
(8720, 478, 52, 72, 8.3, 0),
(8721, 478, 52, 73, 7.9, 0),
(8722, 478, 52, 74, 8.87, 0),
(8723, 478, 52, 75, 7.6, 0),
(8724, 478, 52, 76, 7.5, 0),
(8725, 478, 53, 72, 7.5, 0),
(8726, 478, 53, 73, 8.25, 0),
(8727, 478, 53, 74, 8.87, 0),
(8728, 478, 53, 75, 8, 0),
(8729, 478, 53, 76, 8, 0),
(8730, 479, 25, 72, 9, 0),
(8731, 479, 25, 73, 10, 0),
(8732, 479, 25, 74, 9.43, 0),
(8733, 479, 25, 75, 8, 0),
(8734, 479, 25, 76, 9, 0),
(8735, 479, 46, 72, 9, 0),
(8736, 479, 46, 73, 9, 0),
(8737, 479, 46, 74, 9.43, 0),
(8738, 479, 46, 75, 8, 0),
(8739, 479, 46, 76, 7, 0),
(8740, 479, 47, 72, 8, 0),
(8741, 479, 47, 73, 8, 0),
(8742, 479, 47, 74, 9.43, 0),
(8743, 479, 47, 75, 7, 0),
(8744, 479, 47, 76, 8, 0),
(8745, 479, 48, 72, 6, 0),
(8746, 479, 48, 73, 6, 0),
(8747, 479, 48, 74, 9.43, 0),
(8748, 479, 48, 75, 6, 0),
(8749, 479, 48, 76, 6, 0),
(8750, 479, 49, 72, 7, 0),
(8751, 479, 49, 73, 7, 0),
(8752, 479, 49, 74, 9.43, 0),
(8753, 479, 49, 75, 9, 0),
(8754, 479, 49, 76, 9, 0),
(8755, 479, 50, 72, 9.6, 0),
(8756, 479, 50, 73, 9.7, 0),
(8757, 479, 50, 74, 9.43, 0),
(8758, 479, 50, 75, 10, 0),
(8759, 479, 50, 76, 9, 0),
(8760, 479, 51, 72, 7.5, 0),
(8761, 479, 51, 73, 8.5, 0),
(8762, 479, 51, 74, 9.43, 0),
(8763, 479, 51, 75, 8, 0),
(8764, 479, 51, 76, 8, 0),
(8765, 479, 52, 72, 7, 0),
(8766, 479, 52, 73, 7.5, 0),
(8767, 479, 52, 74, 9.43, 0),
(8768, 479, 52, 75, 7, 0),
(8769, 479, 52, 76, 6.5, 0),
(8770, 479, 53, 72, 8, 0),
(8771, 479, 53, 73, 8.35, 0),
(8772, 479, 53, 74, 9.43, 0),
(8773, 479, 53, 75, 8.25, 0),
(8774, 479, 53, 76, 8.25, 0),
(8775, 480, 25, 72, 7, 0),
(8776, 480, 25, 73, 9, 0),
(8777, 480, 25, 74, 9.8, 0),
(8778, 480, 25, 75, 10, 0),
(8779, 480, 25, 76, 9, 0),
(8780, 480, 46, 72, 7, 0),
(8781, 480, 46, 73, 8, 0),
(8782, 480, 46, 74, 9.8, 0),
(8783, 480, 46, 75, 8, 0),
(8784, 480, 46, 76, 7, 0),
(8785, 480, 47, 72, 8, 0),
(8786, 480, 47, 73, 8, 0),
(8787, 480, 47, 74, 9.8, 0),
(8788, 480, 47, 75, 8, 0),
(8789, 480, 47, 76, 9, 0),
(8790, 480, 48, 72, 7, 0),
(8791, 480, 48, 73, 8, 0),
(8792, 480, 48, 74, 9.8, 0),
(8793, 480, 48, 75, 10, 0),
(8794, 480, 48, 76, 9, 0),
(8795, 480, 49, 72, 9, 0),
(8796, 480, 49, 73, 8, 0),
(8797, 480, 49, 74, 9.8, 0),
(8798, 480, 49, 75, 8, 0),
(8799, 480, 49, 76, 9, 0),
(8800, 480, 50, 72, 10, 0),
(8801, 480, 50, 73, 9.5, 0),
(8802, 480, 50, 74, 9.8, 0),
(8803, 480, 50, 75, 8, 0),
(8804, 480, 50, 76, 10, 0),
(8805, 480, 51, 72, 6.5, 0),
(8806, 480, 51, 73, 7, 0),
(8807, 480, 51, 74, 9.8, 0),
(8808, 480, 51, 75, 9, 0),
(8809, 480, 51, 76, 9, 0),
(8810, 480, 52, 72, 8.3, 0),
(8811, 480, 52, 73, 8.2, 0),
(8812, 480, 52, 74, 9.8, 0),
(8813, 480, 52, 75, 8.3, 0),
(8814, 480, 52, 76, 8, 0),
(8815, 480, 53, 72, 6, 0),
(8816, 480, 53, 73, 6, 0),
(8817, 480, 53, 74, 9.8, 0),
(8818, 480, 53, 75, 7, 0),
(8819, 480, 53, 76, 7, 0),
(8820, 481, 25, 72, 10, 0),
(8821, 481, 25, 73, 9, 0),
(8822, 481, 25, 74, 7.52, 0),
(8823, 481, 25, 75, 9, 0),
(8824, 481, 25, 76, 9, 0),
(8825, 481, 46, 72, 9, 0),
(8826, 481, 46, 73, 8, 0),
(8827, 481, 46, 74, 7.52, 0),
(8828, 481, 46, 75, 7, 0),
(8829, 481, 46, 76, 8, 0),
(8830, 481, 47, 72, 8, 0),
(8831, 481, 47, 73, 7, 0),
(8832, 481, 47, 74, 7.52, 0),
(8833, 481, 47, 75, 7, 0),
(8834, 481, 47, 76, 8, 0),
(8835, 481, 48, 72, 5, 0),
(8836, 481, 48, 73, 5, 0),
(8837, 481, 48, 74, 7.52, 0),
(8838, 481, 48, 75, 6, 0),
(8839, 481, 48, 76, 7, 0),
(8840, 481, 49, 72, 9, 0),
(8841, 481, 49, 73, 8, 0),
(8842, 481, 49, 74, 7.52, 0),
(8843, 481, 49, 75, 8, 0),
(8844, 481, 49, 76, 9, 0),
(8845, 481, 50, 72, 8.9, 0),
(8846, 481, 50, 73, 9, 0),
(8847, 481, 50, 74, 7.52, 0),
(8848, 481, 50, 75, 8, 0),
(8849, 481, 50, 76, 6, 0),
(8850, 481, 51, 72, 8, 0),
(8851, 481, 51, 73, 8, 0),
(8852, 481, 51, 74, 7.52, 0),
(8853, 481, 51, 75, 8, 0),
(8854, 481, 51, 76, 9, 0),
(8855, 481, 52, 72, 8, 0),
(8856, 481, 52, 73, 8, 0),
(8857, 481, 52, 74, 7.52, 0),
(8858, 481, 52, 75, 8, 0),
(8859, 481, 52, 76, 6.5, 0),
(8860, 481, 53, 72, 7.5, 0),
(8861, 481, 53, 73, 8.45, 0),
(8862, 481, 53, 74, 7.52, 0),
(8863, 481, 53, 75, 8.5, 0),
(8864, 481, 53, 76, 8.5, 0),
(8865, 482, 25, 72, 8, 0),
(8866, 482, 25, 73, 7, 0),
(8867, 482, 25, 74, 5.83, 0),
(8868, 482, 25, 75, 6, 0),
(8869, 482, 25, 76, 9, 0),
(8870, 482, 46, 72, 6, 0),
(8871, 482, 46, 73, 7, 0),
(8872, 482, 46, 74, 5.83, 0),
(8873, 482, 46, 75, 6, 0),
(8874, 482, 46, 76, 7, 0),
(8875, 482, 47, 72, 7, 0),
(8876, 482, 47, 73, 8, 0),
(8877, 482, 47, 74, 5.83, 0),
(8878, 482, 47, 75, 7, 0),
(8879, 482, 47, 76, 7, 0),
(8880, 482, 48, 72, 5, 0),
(8881, 482, 48, 73, 5, 0),
(8882, 482, 48, 74, 5.83, 0),
(8883, 482, 48, 75, 5, 0),
(8884, 482, 48, 76, 5, 0),
(8885, 482, 49, 72, 5, 0),
(8886, 482, 49, 73, 5, 0),
(8887, 482, 49, 74, 5.83, 0),
(8888, 482, 49, 75, 6, 0),
(8889, 482, 49, 76, 7, 0),
(8890, 482, 50, 72, 7, 0),
(8891, 482, 50, 73, 8.4, 0),
(8892, 482, 50, 74, 5.83, 0),
(8893, 482, 50, 75, 7, 0),
(8894, 482, 50, 76, 5, 0),
(8895, 482, 51, 72, 7, 0),
(8896, 482, 51, 73, 7, 0),
(8897, 482, 51, 74, 5.83, 0),
(8898, 482, 51, 75, 8, 0),
(8899, 482, 51, 76, 8, 0),
(8900, 482, 52, 72, 6, 0),
(8901, 482, 52, 73, 6.8, 0),
(8902, 482, 52, 74, 5.83, 0),
(8903, 482, 52, 75, 6.5, 0),
(8904, 482, 52, 76, 6.5, 0),
(8905, 482, 53, 72, 6.5, 0),
(8906, 482, 53, 73, 7.25, 0),
(8907, 482, 53, 74, 5.83, 0),
(8908, 482, 53, 75, 5.5, 0),
(8909, 482, 53, 76, 5, 0),
(8910, 483, 25, 72, 10, 0),
(8911, 483, 25, 73, 9, 0),
(8912, 483, 25, 74, 9.27, 0),
(8913, 483, 25, 75, 10, 0),
(8914, 483, 25, 76, 10, 0),
(8915, 483, 46, 72, 10, 0),
(8916, 483, 46, 73, 9, 0),
(8917, 483, 46, 74, 9.27, 0),
(8918, 483, 46, 75, 9, 0),
(8919, 483, 46, 76, 10, 0),
(8920, 483, 47, 72, 8, 0),
(8921, 483, 47, 73, 9, 0),
(8922, 483, 47, 74, 9.27, 0),
(8923, 483, 47, 75, 8, 0),
(8924, 483, 47, 76, 8, 0),
(8925, 483, 48, 72, 9, 0),
(8926, 483, 48, 73, 9, 0),
(8927, 483, 48, 74, 9.27, 0),
(8928, 483, 48, 75, 7, 0),
(8929, 483, 48, 76, 6, 0),
(8930, 483, 49, 72, 8, 0),
(8931, 483, 49, 73, 8, 0),
(8932, 483, 49, 74, 9.27, 0),
(8933, 483, 49, 75, 9, 0),
(8934, 483, 49, 76, 9, 0),
(8935, 483, 50, 72, 8.8, 0),
(8936, 483, 50, 73, 9, 0),
(8937, 483, 50, 74, 9.27, 0),
(8938, 483, 50, 75, 8, 0),
(8939, 483, 50, 76, 10, 0),
(8940, 483, 51, 72, 7.5, 0),
(8941, 483, 51, 73, 8, 0),
(8942, 483, 51, 74, 9.27, 0),
(8943, 483, 51, 75, 8, 0),
(8944, 483, 51, 76, 9, 0),
(8945, 483, 52, 72, 6.8, 0),
(8946, 483, 52, 73, 6.8, 0),
(8947, 483, 52, 74, 9.27, 0),
(8948, 483, 52, 75, 7, 0),
(8949, 483, 52, 76, 7, 0),
(8950, 483, 53, 72, 7, 0),
(8951, 483, 53, 73, 7, 0),
(8952, 483, 53, 74, 9.27, 0),
(8953, 483, 53, 75, 6, 0),
(8954, 483, 53, 76, 6, 0),
(8955, 484, 25, 72, 7, 0),
(8956, 484, 25, 73, 6, 0),
(8957, 484, 25, 74, 7.97, 0),
(8958, 484, 25, 75, 5, 0),
(8959, 484, 25, 76, 7, 0),
(8960, 484, 46, 72, 8, 0),
(8961, 484, 46, 73, 7, 0),
(8962, 484, 46, 74, 7.97, 0),
(8963, 484, 46, 75, 7, 0),
(8964, 484, 46, 76, 8, 0),
(8965, 484, 47, 72, 7, 0),
(8966, 484, 47, 73, 7, 0),
(8967, 484, 47, 74, 7.97, 0),
(8968, 484, 47, 75, 7, 0),
(8969, 484, 47, 76, 6, 0),
(8970, 484, 48, 72, 5, 0),
(8971, 484, 48, 73, 5, 0),
(8972, 484, 48, 74, 7.97, 0),
(8973, 484, 48, 75, 5, 0),
(8974, 484, 48, 76, 5, 0),
(8975, 484, 49, 72, 6, 0),
(8976, 484, 49, 73, 6, 0),
(8977, 484, 49, 74, 7.97, 0),
(8978, 484, 49, 75, 6, 0),
(8979, 484, 49, 76, 7, 0),
(8980, 484, 50, 72, 8, 0),
(8981, 484, 50, 73, 8.5, 0),
(8982, 484, 50, 74, 7.97, 0),
(8983, 484, 50, 75, 8, 0),
(8984, 484, 50, 76, 7, 0),
(8985, 484, 51, 72, 8.5, 0),
(8986, 484, 51, 73, 7.5, 0),
(8987, 484, 51, 74, 7.97, 0),
(8988, 484, 51, 75, 7.5, 0),
(8989, 484, 51, 76, 8, 0),
(8990, 484, 52, 72, 6.7, 0),
(8991, 484, 52, 73, 6.2, 0),
(8992, 484, 52, 74, 7.97, 0),
(8993, 484, 52, 75, 6.8, 0),
(8994, 484, 52, 76, 6.5, 0),
(8995, 484, 53, 72, 7.25, 0),
(8996, 484, 53, 73, 7, 0),
(8997, 484, 53, 74, 7.97, 0),
(8998, 484, 53, 75, 7.5, 0),
(8999, 484, 53, 76, 7, 0),
(9000, 485, 25, 72, 10, 0),
(9001, 485, 25, 73, 7, 0),
(9002, 485, 25, 74, 7.9, 0),
(9003, 485, 25, 75, 8, 0),
(9004, 485, 25, 76, 9, 0),
(9005, 485, 46, 72, 9, 0),
(9006, 485, 46, 73, 8, 0),
(9007, 485, 46, 74, 7.9, 0),
(9008, 485, 46, 75, 8, 0),
(9009, 485, 46, 76, 8, 0),
(9010, 485, 47, 72, 7, 0),
(9011, 485, 47, 73, 8, 0),
(9012, 485, 47, 74, 7.9, 0),
(9013, 485, 47, 75, 7, 0),
(9014, 485, 47, 76, 7, 0),
(9015, 485, 48, 72, 5, 0),
(9016, 485, 48, 73, 5, 0),
(9017, 485, 48, 74, 7.9, 0),
(9018, 485, 48, 75, 5, 0),
(9019, 485, 48, 76, 5, 0),
(9020, 485, 49, 72, 5, 0),
(9021, 485, 49, 73, 7, 0),
(9022, 485, 49, 74, 7.9, 0),
(9023, 485, 49, 75, 6, 0),
(9024, 485, 49, 76, 7, 0),
(9025, 485, 50, 72, 8.5, 0),
(9026, 485, 50, 73, 9.3, 0),
(9027, 485, 50, 74, 7.9, 0),
(9028, 485, 50, 75, 7, 0),
(9029, 485, 50, 76, 6, 0),
(9030, 485, 51, 72, 8, 0),
(9031, 485, 51, 73, 8, 0),
(9032, 485, 51, 74, 7.9, 0),
(9033, 485, 51, 75, 9, 0),
(9034, 485, 51, 76, 8, 0),
(9035, 485, 52, 72, 8.3, 0),
(9036, 485, 52, 73, 8, 0),
(9037, 485, 52, 74, 7.9, 0),
(9038, 485, 52, 75, 7.7, 0),
(9039, 485, 52, 76, 7.8, 0),
(9040, 485, 53, 72, 7.25, 0),
(9041, 485, 53, 73, 7.25, 0),
(9042, 485, 53, 74, 7.9, 0),
(9043, 485, 53, 75, 7.25, 0),
(9044, 485, 53, 76, 7.25, 0),
(9045, 486, 25, 72, 8, 0),
(9046, 486, 25, 73, 7, 0),
(9047, 486, 25, 74, 7.7, 0),
(9048, 486, 25, 75, 8, 0),
(9049, 486, 25, 76, 6, 0),
(9050, 486, 46, 72, 7, 0),
(9051, 486, 46, 73, 7, 0),
(9052, 486, 46, 74, 7.7, 0),
(9053, 486, 46, 75, 7, 0),
(9054, 486, 46, 76, 9, 0),
(9055, 486, 47, 72, 7, 0),
(9056, 486, 47, 73, 6, 0),
(9057, 486, 47, 74, 7.7, 0),
(9058, 486, 47, 75, 6, 0),
(9059, 486, 47, 76, 7, 0),
(9060, 486, 48, 72, 5, 0),
(9061, 486, 48, 73, 5, 0),
(9062, 486, 48, 74, 7.7, 0),
(9063, 486, 48, 75, 5, 0),
(9064, 486, 48, 76, 5, 0),
(9065, 486, 49, 72, 5, 0),
(9066, 486, 49, 73, 5, 0),
(9067, 486, 49, 74, 7.7, 0),
(9068, 486, 49, 75, 7, 0),
(9069, 486, 49, 76, 7, 0),
(9070, 486, 50, 72, 7, 0),
(9071, 486, 50, 73, 8.3, 0),
(9072, 486, 50, 74, 7.7, 0),
(9073, 486, 50, 75, 9, 0),
(9074, 486, 50, 76, 7, 0),
(9075, 486, 51, 72, 8, 0),
(9076, 486, 51, 73, 7, 0),
(9077, 486, 51, 74, 7.7, 0),
(9078, 486, 51, 75, 9, 0),
(9079, 486, 51, 76, 8, 0),
(9080, 486, 52, 72, 7.4, 0),
(9081, 486, 52, 73, 6.9, 0),
(9082, 486, 52, 74, 7.7, 0),
(9083, 486, 52, 75, 6, 0),
(9084, 486, 52, 76, 6.5, 0),
(9085, 486, 53, 72, 7.25, 0),
(9086, 486, 53, 73, 7.25, 0),
(9087, 486, 53, 74, 7.7, 0),
(9088, 486, 53, 75, 6.5, 0),
(9089, 486, 53, 76, 6, 0),
(9090, 487, 25, 72, 9, 0),
(9091, 487, 25, 73, 10, 0),
(9092, 487, 25, 74, 7.23, 0),
(9093, 487, 25, 75, 10, 0),
(9094, 487, 25, 76, 10, 0),
(9095, 487, 46, 72, 8, 0),
(9096, 487, 46, 73, 9, 0),
(9097, 487, 46, 74, 7.23, 0),
(9098, 487, 46, 75, 8, 0),
(9099, 487, 46, 76, 9, 0),
(9100, 487, 47, 72, 7, 0),
(9101, 487, 47, 73, 8, 0),
(9102, 487, 47, 74, 7.23, 0),
(9103, 487, 47, 75, 7, 0),
(9104, 487, 47, 76, 7, 0),
(9105, 487, 48, 72, 5, 0),
(9106, 487, 48, 73, 5, 0),
(9107, 487, 48, 74, 7.23, 0),
(9108, 487, 48, 75, 5, 0),
(9109, 487, 48, 76, 5, 0),
(9110, 487, 49, 72, 9, 0),
(9111, 487, 49, 73, 9, 0),
(9112, 487, 49, 74, 7.23, 0),
(9113, 487, 49, 75, 9, 0),
(9114, 487, 49, 76, 9, 0),
(9115, 487, 50, 72, 8.7, 0),
(9116, 487, 50, 73, 9.6, 0),
(9117, 487, 50, 74, 7.23, 0),
(9118, 487, 50, 75, 9, 0),
(9119, 487, 50, 76, 9, 0),
(9120, 487, 51, 72, 9, 0),
(9121, 487, 51, 73, 9, 0),
(9122, 487, 51, 74, 7.23, 0),
(9123, 487, 51, 75, 10, 0),
(9124, 487, 51, 76, 10, 0),
(9125, 487, 52, 72, 8.1, 0),
(9126, 487, 52, 73, 8.8, 0),
(9127, 487, 52, 74, 7.23, 0),
(9128, 487, 52, 75, 8.1, 0),
(9129, 487, 52, 76, 7.5, 0),
(9130, 487, 53, 72, 6, 0),
(9131, 487, 53, 73, 6.5, 0),
(9132, 487, 53, 74, 7.23, 0),
(9133, 487, 53, 75, 6, 0),
(9134, 487, 53, 76, 6, 0),
(9135, 488, 25, 72, 7, 0),
(9136, 488, 25, 73, 7, 0),
(9137, 488, 25, 74, 9.55, 0),
(9138, 488, 25, 75, 7, 0),
(9139, 488, 25, 76, 9, 0),
(9140, 488, 46, 72, 7, 0),
(9141, 488, 46, 73, 7, 0),
(9142, 488, 46, 74, 9.55, 0),
(9143, 488, 46, 75, 8, 0),
(9144, 488, 46, 76, 8, 0),
(9145, 488, 47, 72, 8, 0),
(9146, 488, 47, 73, 9, 0),
(9147, 488, 47, 74, 9.55, 0),
(9148, 488, 47, 75, 9, 0),
(9149, 488, 47, 76, 9, 0),
(9150, 488, 48, 72, 8, 0),
(9151, 488, 48, 73, 8, 0),
(9152, 488, 48, 74, 9.55, 0),
(9153, 488, 48, 75, 8, 0),
(9154, 488, 48, 76, 6, 0),
(9155, 488, 49, 72, 5, 0),
(9156, 488, 49, 73, 6, 0),
(9157, 488, 49, 74, 9.55, 0),
(9158, 488, 49, 75, 8, 0),
(9159, 488, 49, 76, 8, 0),
(9160, 488, 50, 72, 8, 0),
(9161, 488, 50, 73, 8.5, 0),
(9162, 488, 50, 74, 9.55, 0),
(9163, 488, 50, 75, 7, 0),
(9164, 488, 50, 76, 8, 0),
(9165, 488, 51, 72, 7.5, 0),
(9166, 488, 51, 73, 7, 0),
(9167, 488, 51, 74, 9.55, 0),
(9168, 488, 51, 75, 8, 0),
(9169, 488, 51, 76, 7, 0),
(9170, 488, 52, 72, 8, 0),
(9171, 488, 52, 73, 8, 0),
(9172, 488, 52, 74, 9.55, 0),
(9173, 488, 52, 75, 7.8, 0),
(9174, 488, 52, 76, 7.5, 0),
(9175, 488, 53, 72, 8, 0),
(9176, 488, 53, 73, 8.25, 0),
(9177, 488, 53, 74, 9.55, 0),
(9178, 488, 53, 75, 8.5, 0),
(9179, 488, 53, 76, 8.5, 0),
(9180, 489, 25, 72, 9, 0),
(9181, 489, 25, 73, 8, 0),
(9182, 489, 25, 74, 8.13, 0),
(9183, 489, 25, 75, 10, 0),
(9184, 489, 25, 76, 10, 0),
(9185, 489, 46, 72, 8, 0),
(9186, 489, 46, 73, 8, 0),
(9187, 489, 46, 74, 8.13, 0),
(9188, 489, 46, 75, 8, 0),
(9189, 489, 46, 76, 8, 0),
(9190, 489, 47, 72, 6, 0),
(9191, 489, 47, 73, 7, 0),
(9192, 489, 47, 74, 8.13, 0),
(9193, 489, 47, 75, 7, 0),
(9194, 489, 47, 76, 8, 0),
(9195, 489, 48, 72, 10, 0),
(9196, 489, 48, 73, 10, 0),
(9197, 489, 48, 74, 8.13, 0),
(9198, 489, 48, 75, 10, 0),
(9199, 489, 48, 76, 10, 0),
(9200, 489, 49, 72, 10, 0),
(9201, 489, 49, 73, 10, 0),
(9202, 489, 49, 74, 8.13, 0),
(9203, 489, 49, 75, 9, 0),
(9204, 489, 49, 76, 9, 0),
(9205, 489, 50, 72, 9.8, 0),
(9206, 489, 50, 73, 9.5, 0),
(9207, 489, 50, 74, 8.13, 0),
(9208, 489, 50, 75, 10, 0),
(9209, 489, 50, 76, 10, 0),
(9210, 489, 51, 72, 7, 0),
(9211, 489, 51, 73, 7, 0),
(9212, 489, 51, 74, 8.13, 0),
(9213, 489, 51, 75, 8.5, 0),
(9214, 489, 51, 76, 7, 0),
(9215, 489, 52, 72, 7.9, 0),
(9216, 489, 52, 73, 6.8, 0),
(9217, 489, 52, 74, 8.13, 0),
(9218, 489, 52, 75, 7.3, 0),
(9219, 489, 52, 76, 6.8, 0),
(9220, 489, 53, 72, 7.5, 0),
(9221, 489, 53, 73, 6.5, 0),
(9222, 489, 53, 74, 8.13, 0),
(9223, 489, 53, 75, 6.5, 0),
(9224, 489, 53, 76, 6.5, 0),
(9225, 495, 25, 65, NULL, 0),
(9226, 495, 25, 66, NULL, 0),
(9227, 495, 25, 67, NULL, 0),
(9228, 495, 25, 85, NULL, 0),
(9229, 495, 46, 65, NULL, 0),
(9230, 495, 46, 66, NULL, 0),
(9231, 495, 46, 67, NULL, 0),
(9232, 495, 46, 85, NULL, 0),
(9233, 495, 47, 65, NULL, 0),
(9234, 495, 47, 66, NULL, 0),
(9235, 495, 47, 67, NULL, 0),
(9236, 495, 47, 85, NULL, 0),
(9237, 495, 48, 65, 3, 0),
(9238, 495, 48, 66, 6, 0),
(9239, 495, 48, 67, 7, 0),
(9240, 495, 48, 85, 9, 0),
(9241, 495, 49, 65, 5, 0),
(9242, 495, 49, 66, 6, 0),
(9243, 495, 49, 67, 8, 0),
(9244, 495, 49, 85, 9, 0),
(9245, 495, 50, 65, NULL, 0),
(9246, 495, 50, 66, NULL, 0),
(9247, 495, 50, 67, NULL, 0),
(9248, 495, 50, 85, NULL, 0),
(9249, 495, 51, 65, NULL, 0),
(9250, 495, 51, 66, NULL, 0),
(9251, 495, 51, 67, NULL, 0),
(9252, 495, 51, 85, NULL, 0),
(9253, 495, 52, 65, 5, 0),
(9254, 495, 52, 66, NULL, 0),
(9255, 495, 52, 67, NULL, 0),
(9256, 495, 52, 85, NULL, 0),
(9257, 495, 53, 65, NULL, 0),
(9258, 495, 53, 66, NULL, 0),
(9259, 495, 53, 67, NULL, 0),
(9260, 495, 53, 85, NULL, 0),
(9261, 496, 25, 65, NULL, 0),
(9262, 496, 25, 66, NULL, 0),
(9263, 496, 25, 67, NULL, 0),
(9264, 496, 25, 85, NULL, 0),
(9265, 496, 46, 65, NULL, 0),
(9266, 496, 46, 66, NULL, 0),
(9267, 496, 46, 67, NULL, 0),
(9268, 496, 46, 85, NULL, 0),
(9269, 496, 47, 65, NULL, 0),
(9270, 496, 47, 66, NULL, 0),
(9271, 496, 47, 67, NULL, 0),
(9272, 496, 47, 85, NULL, 0),
(9273, 496, 48, 65, NULL, 0),
(9274, 496, 48, 66, NULL, 0),
(9275, 496, 48, 67, NULL, 0),
(9276, 496, 48, 85, NULL, 0),
(9277, 496, 49, 65, NULL, 0),
(9278, 496, 49, 66, NULL, 0),
(9279, 496, 49, 67, NULL, 0),
(9280, 496, 49, 85, NULL, 0),
(9281, 496, 50, 65, NULL, 0),
(9282, 496, 50, 66, NULL, 0),
(9283, 496, 50, 67, NULL, 0),
(9284, 496, 50, 85, NULL, 0),
(9285, 496, 51, 65, NULL, 0),
(9286, 496, 51, 66, NULL, 0),
(9287, 496, 51, 67, NULL, 0),
(9288, 496, 51, 85, NULL, 0),
(9289, 496, 52, 65, NULL, 0),
(9290, 496, 52, 66, NULL, 0),
(9291, 496, 52, 67, NULL, 0),
(9292, 496, 52, 85, NULL, 0),
(9293, 496, 53, 65, NULL, 0),
(9294, 496, 53, 66, NULL, 0),
(9295, 496, 53, 67, NULL, 0),
(9296, 496, 53, 85, NULL, 0),
(9297, 497, 25, 65, NULL, 0),
(9298, 497, 25, 66, NULL, 0),
(9299, 497, 25, 67, NULL, 0),
(9300, 497, 25, 85, NULL, 0),
(9301, 497, 46, 65, NULL, 0),
(9302, 497, 46, 66, NULL, 0),
(9303, 497, 46, 67, NULL, 0),
(9304, 497, 46, 85, NULL, 0),
(9305, 497, 47, 65, NULL, 0),
(9306, 497, 47, 66, NULL, 0),
(9307, 497, 47, 67, NULL, 0),
(9308, 497, 47, 85, NULL, 0),
(9309, 497, 48, 65, NULL, 0),
(9310, 497, 48, 66, NULL, 0),
(9311, 497, 48, 67, NULL, 0),
(9312, 497, 48, 85, NULL, 0),
(9313, 497, 49, 65, NULL, 0),
(9314, 497, 49, 66, NULL, 0),
(9315, 497, 49, 67, NULL, 0),
(9316, 497, 49, 85, NULL, 0),
(9317, 497, 50, 65, NULL, 0),
(9318, 497, 50, 66, NULL, 0),
(9319, 497, 50, 67, NULL, 0),
(9320, 497, 50, 85, NULL, 0),
(9321, 497, 51, 65, NULL, 0),
(9322, 497, 51, 66, NULL, 0),
(9323, 497, 51, 67, NULL, 0),
(9324, 497, 51, 85, NULL, 0),
(9325, 497, 52, 65, NULL, 0),
(9326, 497, 52, 66, NULL, 0),
(9327, 497, 52, 67, NULL, 0),
(9328, 497, 52, 85, NULL, 0),
(9329, 497, 53, 65, NULL, 0),
(9330, 497, 53, 66, NULL, 0),
(9331, 497, 53, 67, NULL, 0),
(9332, 497, 53, 85, NULL, 0),
(9333, 498, 25, 77, 10, 0),
(9334, 498, 25, 78, 9, 0),
(9335, 498, 25, 79, 5, 0),
(9336, 498, 25, 80, 10, 0),
(9337, 498, 25, 81, 10, 0),
(9338, 498, 46, 77, 10, 0),
(9339, 498, 46, 78, 9, 0),
(9340, 498, 46, 79, 7, 0),
(9341, 498, 46, 80, 9, 0),
(9342, 498, 46, 81, 8, 0),
(9343, 498, 47, 77, 8, 0),
(9344, 498, 47, 78, 8, 0),
(9345, 498, 47, 79, 5, 0),
(9346, 498, 47, 80, 7, 0),
(9347, 498, 47, 81, 7, 0),
(9348, 498, 48, 77, 6, 0),
(9349, 498, 48, 78, 5, 0),
(9350, 498, 48, 79, 5, 0),
(9351, 498, 48, 80, 6, 0),
(9352, 498, 48, 81, 6, 0),
(9353, 498, 49, 77, 10, 0),
(9354, 498, 49, 78, 10, 0),
(9355, 498, 49, 79, 7, 0),
(9356, 498, 49, 80, 9, 0),
(9357, 498, 49, 81, 9, 0),
(9358, 498, 50, 77, 9.2, 0),
(9359, 498, 50, 78, 9.3, 0),
(9360, 498, 50, 79, 7.4, 0),
(9361, 498, 50, 80, 8.9, 0),
(9362, 498, 50, 81, 9.7, 0),
(9363, 498, 51, 77, 10, 0),
(9364, 498, 51, 78, 10, 0),
(9365, 498, 51, 79, 8, 0),
(9366, 498, 51, 80, 9.5, 0),
(9367, 498, 51, 81, 9, 0),
(9368, 498, 52, 77, 8.8, 0),
(9369, 498, 52, 78, 9, 0),
(9370, 498, 52, 79, 6.8, 0),
(9371, 498, 52, 80, 9, 0),
(9372, 498, 52, 81, 8.8, 0),
(9373, 498, 53, 77, 6.5, 0),
(9374, 498, 53, 78, 7, 0),
(9375, 498, 53, 79, 6, 0),
(9376, 498, 53, 80, 7, 0),
(9377, 498, 53, 81, 7.5, 0),
(9378, 499, 25, 77, 7, 0),
(9379, 499, 25, 78, 7, 0),
(9380, 499, 25, 79, 3, 0),
(9381, 499, 25, 80, 8, 0),
(9382, 499, 25, 81, 8, 0),
(9383, 499, 46, 77, 9, 0),
(9384, 499, 46, 78, 8, 0),
(9385, 499, 46, 79, 6, 0),
(9386, 499, 46, 80, 8, 0),
(9387, 499, 46, 81, 8, 0),
(9388, 499, 47, 77, 7, 0),
(9389, 499, 47, 78, 9, 0),
(9390, 499, 47, 79, 5, 0),
(9391, 499, 47, 80, 8, 0),
(9392, 499, 47, 81, 8, 0),
(9393, 499, 48, 77, 6, 0),
(9394, 499, 48, 78, 7, 0),
(9395, 499, 48, 79, 5, 0),
(9396, 499, 48, 80, 5, 0),
(9397, 499, 48, 81, 5, 0),
(9398, 499, 49, 77, 7, 0),
(9399, 499, 49, 78, 7, 0),
(9400, 499, 49, 79, 6, 0),
(9401, 499, 49, 80, 8, 0),
(9402, 499, 49, 81, 8, 0),
(9403, 499, 50, 77, 8.3, 0),
(9404, 499, 50, 78, 8.5, 0),
(9405, 499, 50, 79, 7.3, 0),
(9406, 499, 50, 80, 8, 0),
(9407, 499, 50, 81, 8.2, 0),
(9408, 499, 51, 77, 8.5, 0),
(9409, 499, 51, 78, 8.5, 0),
(9410, 499, 51, 79, 7, 0),
(9411, 499, 51, 80, 9, 0),
(9412, 499, 51, 81, 8.5, 0),
(9413, 499, 52, 77, 8.2, 0),
(9414, 499, 52, 78, 8.5, 0),
(9415, 499, 52, 79, 7, 0),
(9416, 499, 52, 80, 7.8, 0),
(9417, 499, 52, 81, 8.8, 0),
(9418, 499, 53, 77, 7, 0),
(9419, 499, 53, 78, 7, 0),
(9420, 499, 53, 79, 5, 0),
(9421, 499, 53, 80, 7, 0),
(9422, 499, 53, 81, 7, 0),
(9423, 500, 25, 77, 9, 0),
(9424, 500, 25, 78, 10, 0),
(9425, 500, 25, 79, 8, 0),
(9426, 500, 25, 80, 10, 0),
(9427, 500, 25, 81, 10, 0),
(9428, 500, 46, 77, 9, 0),
(9429, 500, 46, 78, 9, 0),
(9430, 500, 46, 79, 8, 0),
(9431, 500, 46, 80, 9, 0),
(9432, 500, 46, 81, 7, 0),
(9433, 500, 47, 77, 7, 0),
(9434, 500, 47, 78, 8, 0),
(9435, 500, 47, 79, 7, 0),
(9436, 500, 47, 80, 8, 0),
(9437, 500, 47, 81, 7, 0),
(9438, 500, 48, 77, 10, 0),
(9439, 500, 48, 78, 9, 0),
(9440, 500, 48, 79, 8, 0),
(9441, 500, 48, 80, 10, 0),
(9442, 500, 48, 81, 10, 0),
(9443, 500, 49, 77, 10, 0),
(9444, 500, 49, 78, 10, 0),
(9445, 500, 49, 79, 9, 0),
(9446, 500, 49, 80, 10, 0),
(9447, 500, 49, 81, 10, 0),
(9448, 500, 50, 77, 9.4, 0),
(9449, 500, 50, 78, 9.5, 0),
(9450, 500, 50, 79, 8.6, 0),
(9451, 500, 50, 80, 9.8, 0),
(9452, 500, 50, 81, 9.7, 0),
(9453, 500, 51, 77, 8.5, 0),
(9454, 500, 51, 78, 9, 0),
(9455, 500, 51, 79, 7, 0),
(9456, 500, 51, 80, 8.5, 0),
(9457, 500, 51, 81, 8, 0),
(9458, 500, 52, 77, 7.7, 0),
(9459, 500, 52, 78, 7.9, 0),
(9460, 500, 52, 79, 7.3, 0),
(9461, 500, 52, 80, 7, 0),
(9462, 500, 52, 81, 7.9, 0),
(9463, 500, 53, 77, 7.5, 0),
(9464, 500, 53, 78, 7.5, 0),
(9465, 500, 53, 79, 7, 0),
(9466, 500, 53, 80, 7.75, 0),
(9467, 500, 53, 81, 7.5, 0),
(9468, 501, 25, 77, 10, 0),
(9469, 501, 25, 78, 10, 0),
(9470, 501, 25, 79, 10, 0),
(9471, 501, 25, 80, 9, 0),
(9472, 501, 25, 81, 10, 0),
(9473, 501, 46, 77, 9, 0),
(9474, 501, 46, 78, 9, 0),
(9475, 501, 46, 79, 9, 0),
(9476, 501, 46, 80, 9, 0),
(9477, 501, 46, 81, 8, 0),
(9478, 501, 47, 77, 7, 0),
(9479, 501, 47, 78, 7, 0),
(9480, 501, 47, 79, 8, 0),
(9481, 501, 47, 80, 7, 0),
(9482, 501, 47, 81, 8, 0),
(9483, 501, 48, 77, 5, 0),
(9484, 501, 48, 78, 6, 0),
(9485, 501, 48, 79, 6, 0),
(9486, 501, 48, 80, 6, 0),
(9487, 501, 48, 81, 6, 0),
(9488, 501, 49, 77, 9, 0),
(9489, 501, 49, 78, 9, 0),
(9490, 501, 49, 79, 9, 0),
(9491, 501, 49, 80, 8, 0),
(9492, 501, 49, 81, 8, 0),
(9493, 501, 50, 77, 9, 0),
(9494, 501, 50, 78, 9.2, 0),
(9495, 501, 50, 79, 9.3, 0),
(9496, 501, 50, 80, 10, 0),
(9497, 501, 50, 81, 9.3, 0),
(9498, 501, 51, 77, 9, 0),
(9499, 501, 51, 78, 8.5, 0),
(9500, 501, 51, 79, 8.5, 0),
(9501, 501, 51, 80, 9, 0),
(9502, 501, 51, 81, 9, 0),
(9503, 501, 52, 77, 8.5, 0),
(9504, 501, 52, 78, 7.8, 0),
(9505, 501, 52, 79, 7.8, 0),
(9506, 501, 52, 80, 7.2, 0),
(9507, 501, 52, 81, 8, 0),
(9508, 501, 53, 77, 7.15, 0),
(9509, 501, 53, 78, 7.25, 0),
(9510, 501, 53, 79, 8, 0),
(9511, 501, 53, 80, 8, 0),
(9512, 501, 53, 81, 8, 0),
(9513, 502, 25, 77, 9, 0),
(9514, 502, 25, 78, 10, 0),
(9515, 502, 25, 79, 8, 0),
(9516, 502, 25, 80, 8, 0),
(9517, 502, 25, 81, 8, 0),
(9518, 502, 46, 77, 9, 0),
(9519, 502, 46, 78, 9, 0),
(9520, 502, 46, 79, 10, 0),
(9521, 502, 46, 80, 10, 0),
(9522, 502, 46, 81, 8, 0),
(9523, 502, 47, 77, 7, 0),
(9524, 502, 47, 78, 8, 0),
(9525, 502, 47, 79, 8, 0),
(9526, 502, 47, 80, 7, 0),
(9527, 502, 47, 81, 7, 0),
(9528, 502, 48, 77, 5, 0),
(9529, 502, 48, 78, 6, 0),
(9530, 502, 48, 79, 6, 0),
(9531, 502, 48, 80, 5, 0),
(9532, 502, 48, 81, 5, 0),
(9533, 502, 49, 77, 7, 0),
(9534, 502, 49, 78, 7, 0),
(9535, 502, 49, 79, 8, 0),
(9536, 502, 49, 80, 7, 0),
(9537, 502, 49, 81, 7, 0),
(9538, 502, 50, 77, 8.7, 0),
(9539, 502, 50, 78, 8.8, 0),
(9540, 502, 50, 79, 9, 0),
(9541, 502, 50, 80, 9, 0),
(9542, 502, 50, 81, 8.7, 0),
(9543, 502, 51, 77, 8.5, 0),
(9544, 502, 51, 78, 9, 0),
(9545, 502, 51, 79, 8.5, 0),
(9546, 502, 51, 80, 9, 0),
(9547, 502, 51, 81, 9, 0),
(9548, 502, 52, 77, 8.2, 0),
(9549, 502, 52, 78, 8.3, 0),
(9550, 502, 52, 79, 8, 0),
(9551, 502, 52, 80, 7.7, 0),
(9552, 502, 52, 81, 8, 0),
(9553, 502, 53, 77, 7.25, 0),
(9554, 502, 53, 78, 7.25, 0),
(9555, 502, 53, 79, 7.25, 0),
(9556, 502, 53, 80, 8.25, 0),
(9557, 502, 53, 81, 8.25, 0),
(9558, 503, 25, 77, 8, 0),
(9559, 503, 25, 78, 9, 0),
(9560, 503, 25, 79, 8, 0),
(9561, 503, 25, 80, 10, 0),
(9562, 503, 25, 81, 9, 0),
(9563, 503, 46, 77, 10, 0),
(9564, 503, 46, 78, 9, 0),
(9565, 503, 46, 79, 9, 0),
(9566, 503, 46, 80, 9, 0),
(9567, 503, 46, 81, 9, 0),
(9568, 503, 47, 77, 8, 0),
(9569, 503, 47, 78, 9, 0),
(9570, 503, 47, 79, 8, 0),
(9571, 503, 47, 80, 8, 0),
(9572, 503, 47, 81, 7, 0),
(9573, 503, 48, 77, 5, 0),
(9574, 503, 48, 78, 5, 0),
(9575, 503, 48, 79, 6, 0),
(9576, 503, 48, 80, 5, 0),
(9577, 503, 48, 81, 5, 0),
(9578, 503, 49, 77, 8, 0),
(9579, 503, 49, 78, 9, 0),
(9580, 503, 49, 79, 9, 0),
(9581, 503, 49, 80, 8, 0),
(9582, 503, 49, 81, 9, 0),
(9583, 503, 50, 77, 9.2, 0),
(9584, 503, 50, 78, 9, 0),
(9585, 503, 50, 79, 9.4, 0),
(9586, 503, 50, 80, 9.9, 0),
(9587, 503, 50, 81, 9.2, 0),
(9588, 503, 51, 77, 9, 0),
(9589, 503, 51, 78, 9.5, 0),
(9590, 503, 51, 79, 7.5, 0),
(9591, 503, 51, 80, 8.5, 0),
(9592, 503, 51, 81, 8.5, 0),
(9593, 503, 52, 77, 7.6, 0),
(9594, 503, 52, 78, 8, 0),
(9595, 503, 52, 79, 7.6, 0),
(9596, 503, 52, 80, 7.3, 0),
(9597, 503, 52, 81, 7.8, 0),
(9598, 503, 53, 77, 8, 0),
(9599, 503, 53, 78, 8, 0),
(9600, 503, 53, 79, 7.75, 0),
(9601, 503, 53, 80, 8.5, 0),
(9602, 503, 53, 81, 8.5, 0),
(9603, 504, 25, 77, 10, 0),
(9604, 504, 25, 78, 10, 0),
(9605, 504, 25, 79, 6, 0),
(9606, 504, 25, 80, 10, 0),
(9607, 504, 25, 81, 9, 0),
(9608, 504, 46, 77, 9, 0),
(9609, 504, 46, 78, 9, 0),
(9610, 504, 46, 79, 8, 0),
(9611, 504, 46, 80, 9, 0),
(9612, 504, 46, 81, 9, 0),
(9613, 504, 47, 77, 7, 0),
(9614, 504, 47, 78, 8, 0),
(9615, 504, 47, 79, 6, 0),
(9616, 504, 47, 80, 7, 0),
(9617, 504, 47, 81, 7, 0),
(9618, 504, 48, 77, 8, 0),
(9619, 504, 48, 78, 7, 0),
(9620, 504, 48, 79, 5, 0),
(9621, 504, 48, 80, 7, 0),
(9622, 504, 48, 81, 7, 0),
(9623, 504, 49, 77, 7, 0),
(9624, 504, 49, 78, 8, 0),
(9625, 504, 49, 79, 6, 0),
(9626, 504, 49, 80, 8, 0),
(9627, 504, 49, 81, 7, 0),
(9628, 504, 50, 77, 8.5, 0),
(9629, 504, 50, 78, 9.1, 0),
(9630, 504, 50, 79, 7.3, 0),
(9631, 504, 50, 80, 9.2, 0),
(9632, 504, 50, 81, 9, 0),
(9633, 504, 51, 77, 8.5, 0),
(9634, 504, 51, 78, 8, 0),
(9635, 504, 51, 79, 7, 0),
(9636, 504, 51, 80, 9, 0),
(9637, 504, 51, 81, 9.5, 0),
(9638, 504, 52, 77, 7.4, 0),
(9639, 504, 52, 78, 7.7, 0),
(9640, 504, 52, 79, 5.5, 0),
(9641, 504, 52, 80, 7, 0),
(9642, 504, 52, 81, 7.5, 0),
(9643, 504, 53, 77, 7, 0),
(9644, 504, 53, 78, 7, 0),
(9645, 504, 53, 79, 5.15, 0),
(9646, 504, 53, 80, 7.5, 0),
(9647, 504, 53, 81, 7.5, 0),
(9648, 505, 25, 77, 9, 0),
(9649, 505, 25, 78, 10, 0),
(9650, 505, 25, 79, 10, 0),
(9651, 505, 25, 80, 10, 0),
(9652, 505, 25, 81, 10, 0),
(9653, 505, 46, 77, 8, 0),
(9654, 505, 46, 78, 9, 0),
(9655, 505, 46, 79, 8, 0),
(9656, 505, 46, 80, 8, 0),
(9657, 505, 46, 81, 10, 0),
(9658, 505, 47, 77, 8, 0),
(9659, 505, 47, 78, 9, 0),
(9660, 505, 47, 79, 9, 0),
(9661, 505, 47, 80, 8, 0),
(9662, 505, 47, 81, 8, 0),
(9663, 505, 48, 77, 9, 0),
(9664, 505, 48, 78, 8, 0),
(9665, 505, 48, 79, 10, 0),
(9666, 505, 48, 80, 9, 0),
(9667, 505, 48, 81, 9, 0),
(9668, 505, 49, 77, 8, 0),
(9669, 505, 49, 78, 9, 0),
(9670, 505, 49, 79, 8, 0),
(9671, 505, 49, 80, 9, 0),
(9672, 505, 49, 81, 8, 0),
(9673, 505, 50, 77, 9.1, 0),
(9674, 505, 50, 78, 9.2, 0),
(9675, 505, 50, 79, 9.5, 0),
(9676, 505, 50, 80, 9.3, 0),
(9677, 505, 50, 81, 9.4, 0),
(9678, 505, 51, 77, 8.5, 0),
(9679, 505, 51, 78, 8, 0),
(9680, 505, 51, 79, 7, 0),
(9681, 505, 51, 80, 8.5, 0),
(9682, 505, 51, 81, 9, 0),
(9683, 505, 52, 77, 7.9, 0),
(9684, 505, 52, 78, 7.9, 0),
(9685, 505, 52, 79, 6.9, 0),
(9686, 505, 52, 80, 8.9, 0),
(9687, 505, 52, 81, 8, 0),
(9688, 505, 53, 77, 7.25, 0),
(9689, 505, 53, 78, 7.75, 0),
(9690, 505, 53, 79, 8.25, 0),
(9691, 505, 53, 80, 7.75, 0),
(9692, 505, 53, 81, 7.75, 0),
(9693, 506, 25, 82, 7, 0),
(9694, 506, 25, 83, 10, 0),
(9695, 506, 25, 84, 9, 0),
(9696, 506, 46, 82, 7, 0),
(9697, 506, 46, 83, 8, 0),
(9698, 506, 46, 84, 9, 0),
(9699, 506, 47, 82, 7, 0),
(9700, 506, 47, 83, 9, 0),
(9701, 506, 47, 84, 8, 0),
(9702, 506, 48, 82, 5, 0),
(9703, 506, 48, 83, 5, 0),
(9704, 506, 48, 84, 5, 0),
(9705, 506, 49, 82, 7, 0),
(9706, 506, 49, 83, 9, 0),
(9707, 506, 49, 84, 8, 0),
(9708, 506, 50, 82, 8.8, 0),
(9709, 506, 50, 83, 9.2, 0),
(9710, 506, 50, 84, 9.8, 0),
(9711, 506, 51, 82, 8.5, 0),
(9712, 506, 51, 83, 8, 0),
(9713, 506, 51, 84, 9, 0),
(9714, 506, 52, 82, 8.1, 0),
(9715, 506, 52, 83, 8.2, 0),
(9716, 506, 52, 84, 7.9, 0),
(9717, 506, 53, 82, 8.75, 0),
(9718, 506, 53, 83, 8, 0),
(9719, 506, 53, 84, 8, 0),
(9720, 507, 25, 82, 10, 0),
(9721, 507, 25, 83, 10, 0),
(9722, 507, 25, 84, 10, 0),
(9723, 507, 46, 82, 10, 0),
(9724, 507, 46, 83, 9, 0),
(9725, 507, 46, 84, 8, 0),
(9726, 507, 47, 82, 9, 0),
(9727, 507, 47, 83, 9, 0),
(9728, 507, 47, 84, 9, 0),
(9729, 507, 48, 82, 10, 0),
(9730, 507, 48, 83, 9, 0),
(9731, 507, 48, 84, 10, 0),
(9732, 507, 49, 82, 9, 0),
(9733, 507, 49, 83, 9, 0),
(9734, 507, 49, 84, 9, 0),
(9735, 507, 50, 82, 9, 0),
(9736, 507, 50, 83, 9.4, 0),
(9737, 507, 50, 84, 9.2, 0),
(9738, 507, 51, 82, 8.5, 0),
(9739, 507, 51, 83, 8, 0),
(9740, 507, 51, 84, 9, 0),
(9741, 507, 52, 82, 8.2, 0),
(9742, 507, 52, 83, 8.2, 0),
(9743, 507, 52, 84, 8.8, 0),
(9744, 507, 53, 82, 8.5, 0),
(9745, 507, 53, 83, 7.75, 0),
(9746, 507, 53, 84, 7.75, 0),
(9747, 508, 25, 82, 8, 0),
(9748, 508, 25, 83, 9, 0),
(9749, 508, 25, 84, 8, 0),
(9750, 508, 46, 82, 10, 0),
(9751, 508, 46, 83, 10, 0),
(9752, 508, 46, 84, 9, 0),
(9753, 508, 47, 82, 8, 0),
(9754, 508, 47, 83, 8, 0),
(9755, 508, 47, 84, 9, 0),
(9756, 508, 48, 82, 5, 0),
(9757, 508, 48, 83, 5, 0),
(9758, 508, 48, 84, 5, 0),
(9759, 508, 49, 82, 9, 0),
(9760, 508, 49, 83, 9, 0),
(9761, 508, 49, 84, 9, 0),
(9762, 508, 50, 82, 9.2, 0),
(9763, 508, 50, 83, 9.6, 0),
(9764, 508, 50, 84, 9.7, 0),
(9765, 508, 51, 82, 8, 0),
(9766, 508, 51, 83, 9, 0),
(9767, 508, 51, 84, 9.5, 0),
(9768, 508, 52, 82, 7.8, 0),
(9769, 508, 52, 83, 7.9, 0),
(9770, 508, 52, 84, 7, 0),
(9771, 508, 53, 82, 9, 0),
(9772, 508, 53, 83, 8.25, 0),
(9773, 508, 53, 84, 8.25, 0),
(9774, 509, 25, 82, 7, 0),
(9775, 509, 25, 83, 10, 0),
(9776, 509, 25, 84, 8, 0),
(9777, 509, 46, 82, 10, 0),
(9778, 509, 46, 83, 9, 0),
(9779, 509, 46, 84, 9, 0),
(9780, 509, 47, 82, 8, 0),
(9781, 509, 47, 83, 7, 0),
(9782, 509, 47, 84, 8, 0),
(9783, 509, 48, 82, 6, 0),
(9784, 509, 48, 83, 6, 0),
(9785, 509, 48, 84, 5, 0),
(9786, 509, 49, 82, 8, 0),
(9787, 509, 49, 83, 8, 0),
(9788, 509, 49, 84, 8, 0),
(9789, 509, 50, 82, 8.9, 0),
(9790, 509, 50, 83, 8.7, 0),
(9791, 509, 50, 84, 8.9, 0),
(9792, 509, 51, 82, 7.5, 0),
(9793, 509, 51, 83, 8, 0),
(9794, 509, 51, 84, 8.5, 0),
(9795, 509, 52, 82, 7.8, 0),
(9796, 509, 52, 83, 8.2, 0),
(9797, 509, 52, 84, 8.5, 0),
(9798, 509, 53, 82, 7.5, 0),
(9799, 509, 53, 83, 7.25, 0),
(9800, 509, 53, 84, 7.25, 0),
(9801, 510, 25, 82, 7, 0),
(9802, 510, 25, 83, 10, 0),
(9803, 510, 25, 84, 10, 0),
(9804, 510, 46, 82, 10, 0),
(9805, 510, 46, 83, 9, 0),
(9806, 510, 46, 84, 8, 0),
(9807, 510, 47, 82, 7, 0),
(9808, 510, 47, 83, 8, 0),
(9809, 510, 47, 84, 8, 0),
(9810, 510, 48, 82, 9, 0),
(9811, 510, 48, 83, 10, 0),
(9812, 510, 48, 84, 10, 0),
(9813, 510, 49, 82, 9, 0),
(9814, 510, 49, 83, 10, 0),
(9815, 510, 49, 84, 10, 0),
(9816, 510, 50, 82, 8.7, 0),
(9817, 510, 50, 83, 9.8, 0),
(9818, 510, 50, 84, 9.9, 0),
(9819, 510, 51, 82, 7.5, 0),
(9820, 510, 51, 83, 8.5, 0),
(9821, 510, 51, 84, 9.5, 0),
(9822, 510, 52, 82, 7.3, 0),
(9823, 510, 52, 83, 8.2, 0),
(9824, 510, 52, 84, 7.9, 0),
(9825, 510, 53, 82, 7, 0),
(9826, 510, 53, 83, 7.25, 0),
(9827, 510, 53, 84, 7.25, 0);

-- --------------------------------------------------------

--
-- Table structure for table `tbl_users`
--

CREATE TABLE `tbl_users` (
  `user_id` int(11) NOT NULL,
  `full_name` varchar(255) DEFAULT NULL,
  `username` varchar(255) DEFAULT NULL,
  `password` varchar(255) DEFAULT NULL,
  `roles_id` int(11) DEFAULT NULL,
  `active` int(11) DEFAULT NULL
) ENGINE=InnoDB DEFAULT CHARSET=utf8mb4 COLLATE=utf8mb4_general_ci ROW_FORMAT=DYNAMIC;

--
-- Dumping data for table `tbl_users`
--

INSERT INTO `tbl_users` (`user_id`, `full_name`, `username`, `password`, `roles_id`, `active`) VALUES
(24, 'Ronald Besinga', 'admin', '202cb962ac59075b964b07152d234b70', 1, 1),
(25, 'Judge 1', 'judge1', '202cb962ac59075b964b07152d234b70', 3, 1),
(46, 'Judge 2', 'judge2', '202cb962ac59075b964b07152d234b70', 3, 1),
(47, 'Judge 3', 'judge3', '202cb962ac59075b964b07152d234b70', 3, 1),
(48, 'Judge 4', 'judge4', '202cb962ac59075b964b07152d234b70', 3, 1),
(49, 'Judge 5', 'judge5', '202cb962ac59075b964b07152d234b70', 3, 1),
(50, 'Judge 6', 'Judge6', '202cb962ac59075b964b07152d234b70', 3, 1),
(51, 'Judge 7', 'judge7', '202cb962ac59075b964b07152d234b70', 3, 1),
(52, 'Judge 8', 'judge8', '202cb962ac59075b964b07152d234b70', 3, 1),
(53, 'Judge 9', 'judge9', '202cb962ac59075b964b07152d234b70', 3, 1);

-- --------------------------------------------------------

--
-- Table structure for table `tbl_users_role`
--

CREATE TABLE `tbl_users_role` (
  `roles_id` int(11) NOT NULL,
  `roles_desc` varchar(50) DEFAULT NULL
) ENGINE=InnoDB DEFAULT CHARSET=utf8mb4 COLLATE=utf8mb4_general_ci ROW_FORMAT=DYNAMIC;

--
-- Dumping data for table `tbl_users_role`
--

INSERT INTO `tbl_users_role` (`roles_id`, `roles_desc`) VALUES
(1, 'System Admin'),
(3, 'Judge');

--
-- Indexes for dumped tables
--

--
-- Indexes for table `active_round`
--
ALTER TABLE `active_round`
  ADD PRIMARY KEY (`criteria_active_id`);

--
-- Indexes for table `tbl_contestant`
--
ALTER TABLE `tbl_contestant`
  ADD PRIMARY KEY (`contestant_id`);

--
-- Indexes for table `tbl_contestant_round`
--
ALTER TABLE `tbl_contestant_round`
  ADD PRIMARY KEY (`contestant_round_id`);

--
-- Indexes for table `tbl_criteria`
--
ALTER TABLE `tbl_criteria`
  ADD PRIMARY KEY (`criteria_id`);

--
-- Indexes for table `tbl_tabulations`
--
ALTER TABLE `tbl_tabulations`
  ADD PRIMARY KEY (`tabulation_id`);

--
-- Indexes for table `tbl_users`
--
ALTER TABLE `tbl_users`
  ADD PRIMARY KEY (`user_id`);

--
-- Indexes for table `tbl_users_role`
--
ALTER TABLE `tbl_users_role`
  ADD PRIMARY KEY (`roles_id`);

--
-- AUTO_INCREMENT for dumped tables
--

--
-- AUTO_INCREMENT for table `active_round`
--
ALTER TABLE `active_round`
  MODIFY `criteria_active_id` int(11) NOT NULL AUTO_INCREMENT, AUTO_INCREMENT=211;

--
-- AUTO_INCREMENT for table `tbl_contestant`
--
ALTER TABLE `tbl_contestant`
  MODIFY `contestant_id` int(11) NOT NULL AUTO_INCREMENT, AUTO_INCREMENT=80;

--
-- AUTO_INCREMENT for table `tbl_contestant_round`
--
ALTER TABLE `tbl_contestant_round`
  MODIFY `contestant_round_id` int(11) NOT NULL AUTO_INCREMENT, AUTO_INCREMENT=511;

--
-- AUTO_INCREMENT for table `tbl_criteria`
--
ALTER TABLE `tbl_criteria`
  MODIFY `criteria_id` int(11) NOT NULL AUTO_INCREMENT, AUTO_INCREMENT=86;

--
-- AUTO_INCREMENT for table `tbl_tabulations`
--
ALTER TABLE `tbl_tabulations`
  MODIFY `tabulation_id` int(11) NOT NULL AUTO_INCREMENT, AUTO_INCREMENT=9828;

--
-- AUTO_INCREMENT for table `tbl_users`
--
ALTER TABLE `tbl_users`
  MODIFY `user_id` int(11) NOT NULL AUTO_INCREMENT, AUTO_INCREMENT=54;

--
-- AUTO_INCREMENT for table `tbl_users_role`
--
ALTER TABLE `tbl_users_role`
  MODIFY `roles_id` int(11) NOT NULL AUTO_INCREMENT, AUTO_INCREMENT=4;
COMMIT;

/*!40101 SET CHARACTER_SET_CLIENT=@OLD_CHARACTER_SET_CLIENT */;
/*!40101 SET CHARACTER_SET_RESULTS=@OLD_CHARACTER_SET_RESULTS */;
/*!40101 SET COLLATION_CONNECTION=@OLD_COLLATION_CONNECTION */;
