-- phpMyAdmin SQL Dump
-- version 5.2.1
-- https://www.phpmyadmin.net/
--
-- Host: 127.0.0.1
-- Generation Time: Oct 19, 2024 at 03:55 AM
-- Server version: 10.4.32-MariaDB
-- PHP Version: 8.2.12

SET SQL_MODE = "NO_AUTO_VALUE_ON_ZERO";
START TRANSACTION;
SET time_zone = "+00:00";


/*!40101 SET @OLD_CHARACTER_SET_CLIENT=@@CHARACTER_SET_CLIENT */;
/*!40101 SET @OLD_CHARACTER_SET_RESULTS=@@CHARACTER_SET_RESULTS */;
/*!40101 SET @OLD_COLLATION_CONNECTION=@@COLLATION_CONNECTION */;
/*!40101 SET NAMES utf8mb4 */;

--
-- Database: `tabulation`
--

-- --------------------------------------------------------

--
-- Table structure for table `active_round`
--

CREATE TABLE `active_round` (
  `criteria_active_id` int(11) NOT NULL,
  `round_no` int(11) DEFAULT NULL
) ENGINE=InnoDB DEFAULT CHARSET=utf8mb4 COLLATE=utf8mb4_general_ci ROW_FORMAT=DYNAMIC;

--
-- Dumping data for table `active_round`
--

INSERT INTO `active_round` (`criteria_active_id`, `round_no`) VALUES
(292, 2);

-- --------------------------------------------------------

--
-- Table structure for table `tbl_contestant`
--

CREATE TABLE `tbl_contestant` (
  `contestant_id` int(11) NOT NULL,
  `contestant_name` varchar(50) DEFAULT NULL,
  `photo` varchar(255) DEFAULT NULL,
  `seq_no` int(11) DEFAULT NULL,
  `is_active` int(11) DEFAULT NULL
) ENGINE=InnoDB DEFAULT CHARSET=utf8mb4 COLLATE=utf8mb4_general_ci ROW_FORMAT=DYNAMIC;

--
-- Dumping data for table `tbl_contestant`
--

INSERT INTO `tbl_contestant` (`contestant_id`, `contestant_name`, `photo`, `seq_no`, `is_active`) VALUES
(117, 'Candidate 1 (Cluster 4)', 'f3ccdd27d2000e3f9255a7e3e2c48800.jpg', 1, 1),
(118, 'Candidate 2 (Cluster 3)', '156005c5baf40ff51a327f1c34f2975b.jpg', 2, 1),
(119, 'Candidate 3 (Cluster 5)', '799bad5a3b514f096e69bbc4a7896cd9.jpg', 3, 1),
(120, 'Candidate 4 (Cluster 6)', 'd0096ec6c83575373e3a21d129ff8fef.jpg', 4, 1),
(121, 'Candidate 5 (Cluster 8)', '032b2cc936860b03048302d991c3498f.jpg', 5, 1),
(122, 'Candidate 6 (Cluster 2)', '18e2999891374a475d0687ca9f989d83.jpg', 6, 1),
(123, 'Candidate 7 (Cluster 9)', 'fe5df232cafa4c4e0f1a0294418e5660.jpg', 7, 1),
(124, 'Candidate 8 (Cluster 10)', '8cda81fc7ad906927144235dda5fdf15.jpg', 8, 1),
(125, 'Candidate 9 (Cluster 7)', '30e62fddc14c05988b44e7c02788e187.jpg', 9, 1),
(126, 'Candidate 10 (Cluster 1)', 'ae566253288191ce5d879e51dae1d8c3.jpg', 10, 1);

-- --------------------------------------------------------

--
-- Table structure for table `tbl_contestant_round`
--

CREATE TABLE `tbl_contestant_round` (
  `contestant_round_id` int(11) NOT NULL,
  `contestant_id` int(11) DEFAULT NULL,
  `round_no` int(11) DEFAULT NULL
) ENGINE=InnoDB DEFAULT CHARSET=utf8mb4 COLLATE=utf8mb4_general_ci ROW_FORMAT=DYNAMIC;

--
-- Dumping data for table `tbl_contestant_round`
--

INSERT INTO `tbl_contestant_round` (`contestant_round_id`, `contestant_id`, `round_no`) VALUES
(654, 117, 1),
(655, 118, 1),
(656, 119, 1),
(657, 120, 1),
(658, 121, 1),
(659, 122, 1),
(660, 123, 1),
(661, 124, 1),
(662, 125, 1),
(663, 126, 1),
(674, 117, 2),
(675, 118, 2),
(676, 119, 2),
(677, 120, 2),
(678, 121, 2),
(679, 122, 2),
(680, 123, 2),
(681, 124, 2),
(682, 125, 2),
(683, 126, 2),
(704, 124, 3),
(705, 118, 3),
(706, 121, 3),
(707, 123, 3),
(708, 125, 3),
(709, 121, 4),
(710, 124, 4),
(711, 118, 4);

-- --------------------------------------------------------

--
-- Table structure for table `tbl_criteria`
--

CREATE TABLE `tbl_criteria` (
  `criteria_id` int(11) NOT NULL,
  `criteria_desc` varchar(255) DEFAULT NULL,
  `criteria_definition` varchar(500) NOT NULL,
  `percentage` double NOT NULL,
  `max_percentage` double DEFAULT NULL,
  `round_no` int(11) NOT NULL,
  `is_active` tinyint(4) DEFAULT NULL
) ENGINE=InnoDB DEFAULT CHARSET=utf8mb4 COLLATE=utf8mb4_general_ci ROW_FORMAT=DYNAMIC;

--
-- Dumping data for table `tbl_criteria`
--

INSERT INTO `tbl_criteria` (`criteria_id`, `criteria_desc`, `criteria_definition`, `percentage`, `max_percentage`, `round_no`, `is_active`) VALUES
(106, 'Local Product Inspired Outfit', '', 20, 10, 2, 0),
(107, 'Production', '', 15, 10, 2, 1),
(108, 'Neo - Ethnic Attire', '', 15, 10, 2, 1),
(109, 'Playsuit', '', 15, 10, 2, 1),
(110, 'Preliminary Interview', '', 20, 10, 2, 1),
(111, 'Long Gown', '', 15, 10, 2, 1),
(112, 'Previous Criteria (Overall)', '', 40, 10, 3, 0),
(113, 'Beauty of face & Body', '', 30, 10, 3, 1),
(114, 'Previlege Speech', 'Wit & Intelligence, content & organization, clarity, delivery & spontaneity', 30, 10, 3, 1),
(115, 'Beauty of face & Body', '', 50, 10, 4, 1),
(116, 'Wit & Intelligence', '', 50, 10, 4, 1),
(117, 'Talent', '', 100, 10, 1, 1);

-- --------------------------------------------------------

--
-- Table structure for table `tbl_tabulations`
--

CREATE TABLE `tbl_tabulations` (
  `tabulation_id` int(11) NOT NULL,
  `contestant_round_id` int(11) DEFAULT NULL,
  `user_id` int(11) DEFAULT NULL,
  `criteria_id` int(11) DEFAULT NULL,
  `score` double DEFAULT NULL,
  `is_lock` int(11) NOT NULL
) ENGINE=InnoDB DEFAULT CHARSET=utf8mb4 COLLATE=utf8mb4_general_ci;

--
-- Dumping data for table `tbl_tabulations`
--

INSERT INTO `tbl_tabulations` (`tabulation_id`, `contestant_round_id`, `user_id`, `criteria_id`, `score`, `is_lock`) VALUES
(12780, 654, 25, 117, 7.4, 0),
(12781, 654, 46, 117, 8.55, 0),
(12782, 654, 47, 117, 6.6, 0),
(12783, 655, 25, 117, 8.75, 0),
(12784, 655, 46, 117, 9.05, 0),
(12785, 655, 47, 117, 6.375, 0),
(12786, 656, 25, 117, 8.85, 0),
(12787, 656, 46, 117, 8.65, 0),
(12788, 656, 47, 117, 8.075, 0),
(12789, 657, 25, 117, 9.3, 0),
(12790, 657, 46, 117, 8.5, 0),
(12791, 657, 47, 117, 8.65, 0),
(12792, 658, 25, 117, 9.5, 0),
(12793, 658, 46, 117, 9.1, 0),
(12794, 658, 47, 117, 7.45, 0),
(12795, 659, 25, 117, 8.4, 0),
(12796, 659, 46, 117, 9.05, 0),
(12797, 659, 47, 117, 6.875, 0),
(12798, 660, 25, 117, 9.15, 0),
(12799, 660, 46, 117, 9.2, 0),
(12800, 660, 47, 117, 7.9, 0),
(12801, 661, 25, 117, 9.25, 0),
(12802, 661, 46, 117, 9.1, 0),
(12803, 661, 47, 117, 7.4, 0),
(12804, 662, 25, 117, 9, 0),
(12805, 662, 46, 117, 9.7, 0),
(12806, 662, 47, 117, 7.6, 0),
(12807, 663, 25, 117, 9.55, 0),
(12808, 663, 46, 117, 9.3, 0),
(12809, 663, 47, 117, 7.25, 0),
(12990, 674, 25, 106, 7.52, 0),
(12991, 674, 25, 107, 5, 0),
(12992, 674, 25, 108, 6, 0),
(12993, 674, 25, 109, 5, 0),
(12994, 674, 25, 110, 5, 0),
(12995, 674, 25, 111, 6, 0),
(12996, 674, 46, 106, 7.52, 0),
(12997, 674, 46, 107, 9, 0),
(12998, 674, 46, 108, 8, 0),
(12999, 674, 46, 109, 7, 0),
(13000, 674, 46, 110, 5, 0),
(13001, 674, 46, 111, 7, 0),
(13002, 674, 47, 106, 7.52, 0),
(13003, 674, 47, 107, 7, 0),
(13004, 674, 47, 108, 7, 0),
(13005, 674, 47, 109, 5, 0),
(13006, 674, 47, 110, 6, 0),
(13007, 674, 47, 111, 5, 0),
(13008, 674, 48, 106, 7.52, 0),
(13009, 674, 48, 107, 3, 0),
(13010, 674, 48, 108, 9, 0),
(13011, 674, 48, 109, 8.6, 0),
(13012, 674, 48, 110, 9, 0),
(13013, 674, 48, 111, 9.2, 0),
(13014, 674, 49, 106, 7.52, 0),
(13015, 674, 49, 107, 9.7, 0),
(13016, 674, 49, 108, 8.7, 0),
(13017, 674, 49, 109, 7.7, 0),
(13018, 674, 49, 110, 6.7, 0),
(13019, 674, 49, 111, 7.9, 0),
(13020, 674, 50, 106, 7.52, 0),
(13021, 674, 50, 107, 7.9, 0),
(13022, 674, 50, 108, 8.5, 0),
(13023, 674, 50, 109, 6.4, 0),
(13024, 674, 50, 110, 6.7, 0),
(13025, 674, 50, 111, 6.8, 0),
(13026, 674, 51, 106, 7.52, 0),
(13027, 674, 51, 107, 7.3, 0),
(13028, 674, 51, 108, 7, 0),
(13029, 674, 51, 109, 7, 0),
(13030, 674, 51, 110, 7, 0),
(13031, 674, 51, 111, 7, 0),
(13032, 675, 25, 106, 8.06, 0),
(13033, 675, 25, 107, 6, 0),
(13034, 675, 25, 108, 5, 0),
(13035, 675, 25, 109, 8, 0),
(13036, 675, 25, 110, 7, 0),
(13037, 675, 25, 111, 7, 0),
(13038, 675, 46, 106, 8.06, 0),
(13039, 675, 46, 107, 8, 0),
(13040, 675, 46, 108, 7, 0),
(13041, 675, 46, 109, 6, 0),
(13042, 675, 46, 110, 9, 0),
(13043, 675, 46, 111, 6, 0),
(13044, 675, 47, 106, 8.06, 0),
(13045, 675, 47, 107, 8, 0),
(13046, 675, 47, 108, 8, 0),
(13047, 675, 47, 109, 8, 0),
(13048, 675, 47, 110, 9, 0),
(13049, 675, 47, 111, 7.5, 0),
(13050, 675, 48, 106, 8.06, 0),
(13051, 675, 48, 107, 8.7, 0),
(13052, 675, 48, 108, 9.2, 0),
(13053, 675, 48, 109, 9, 0),
(13054, 675, 48, 110, 9, 0),
(13055, 675, 48, 111, 9.3, 0),
(13056, 675, 49, 106, 8.06, 0),
(13057, 675, 49, 107, 6.9, 0),
(13058, 675, 49, 108, 7.6, 0),
(13059, 675, 49, 109, 8.7, 0),
(13060, 675, 49, 110, 9, 0),
(13061, 675, 49, 111, 8.9, 0),
(13062, 675, 50, 106, 8.06, 0),
(13063, 675, 50, 107, 9.8, 0),
(13064, 675, 50, 108, 9.5, 0),
(13065, 675, 50, 109, 9.8, 0),
(13066, 675, 50, 110, 9, 0),
(13067, 675, 50, 111, 9, 0),
(13068, 675, 51, 106, 8.06, 0),
(13069, 675, 51, 107, 8.5, 0),
(13070, 675, 51, 108, 7, 0),
(13071, 675, 51, 109, 9, 0),
(13072, 675, 51, 110, 9, 0),
(13073, 675, 51, 111, 8, 0),
(13074, 676, 25, 106, 8.52, 0),
(13075, 676, 25, 107, 6, 0),
(13076, 676, 25, 108, 7, 0),
(13077, 676, 25, 109, 6, 0),
(13078, 676, 25, 110, 8, 0),
(13079, 676, 25, 111, 6, 0),
(13080, 676, 46, 106, 8.52, 0),
(13081, 676, 46, 107, 7, 0),
(13082, 676, 46, 108, 7, 0),
(13083, 676, 46, 109, 6, 0),
(13084, 676, 46, 110, 7.5, 0),
(13085, 676, 46, 111, 7, 0),
(13086, 676, 47, 106, 8.52, 0),
(13087, 676, 47, 107, 6, 0),
(13088, 676, 47, 108, 6, 0),
(13089, 676, 47, 109, 5, 0),
(13090, 676, 47, 110, 9, 0),
(13091, 676, 47, 111, 7, 0),
(13092, 676, 48, 106, 8.52, 0),
(13093, 676, 48, 107, 6.54, 0),
(13094, 676, 48, 108, 7, 0),
(13095, 676, 48, 109, 7.1, 0),
(13096, 676, 48, 110, 9.3, 0),
(13097, 676, 48, 111, 6, 0),
(13098, 676, 49, 106, 8.52, 0),
(13099, 676, 49, 107, 7.9, 0),
(13100, 676, 49, 108, 7.6, 0),
(13101, 676, 49, 109, 7.6, 0),
(13102, 676, 49, 110, 8.6, 0),
(13103, 676, 49, 111, 7.7, 0),
(13104, 676, 50, 106, 8.52, 0),
(13105, 676, 50, 107, 7.4, 0),
(13106, 676, 50, 108, 7.8, 0),
(13107, 676, 50, 109, 7.2, 0),
(13108, 676, 50, 110, 8.2, 0),
(13109, 676, 50, 111, 8, 0),
(13110, 676, 51, 106, 8.52, 0),
(13111, 676, 51, 107, 9, 0),
(13112, 676, 51, 108, 7, 0),
(13113, 676, 51, 109, 8, 0),
(13114, 676, 51, 110, 8.5, 0),
(13115, 676, 51, 111, 8, 0),
(13116, 677, 25, 106, 8.82, 0),
(13117, 677, 25, 107, 4, 0),
(13118, 677, 25, 108, 7, 0),
(13119, 677, 25, 109, 6, 0),
(13120, 677, 25, 110, 6, 0),
(13121, 677, 25, 111, 7, 0),
(13122, 677, 46, 106, 8.82, 0),
(13123, 677, 46, 107, 5, 0),
(13124, 677, 46, 108, 5, 0),
(13125, 677, 46, 109, 5, 0),
(13126, 677, 46, 110, 6, 0),
(13127, 677, 46, 111, 6.5, 0),
(13128, 677, 47, 106, 8.82, 0),
(13129, 677, 47, 107, 6, 0),
(13130, 677, 47, 108, 7, 0),
(13131, 677, 47, 109, 6, 0),
(13132, 677, 47, 110, 6.5, 0),
(13133, 677, 47, 111, 6, 0),
(13134, 677, 48, 106, 8.82, 0),
(13135, 677, 48, 107, 6.4, 0),
(13136, 677, 48, 108, 8, 0),
(13137, 677, 48, 109, 6, 0),
(13138, 677, 48, 110, 8, 0),
(13139, 677, 48, 111, 7, 0),
(13140, 677, 49, 106, 8.82, 0),
(13141, 677, 49, 107, 7.9, 0),
(13142, 677, 49, 108, 7.6, 0),
(13143, 677, 49, 109, 7.6, 0),
(13144, 677, 49, 110, 8.6, 0),
(13145, 677, 49, 111, 7.6, 0),
(13146, 677, 50, 106, 8.82, 0),
(13147, 677, 50, 107, 6.9, 0),
(13148, 677, 50, 108, 7.8, 0),
(13149, 677, 50, 109, 8.5, 0),
(13150, 677, 50, 110, 7, 0),
(13151, 677, 50, 111, 7.8, 0),
(13152, 677, 51, 106, 8.82, 0),
(13153, 677, 51, 107, 7.3, 0),
(13154, 677, 51, 108, 7, 0),
(13155, 677, 51, 109, 7, 0),
(13156, 677, 51, 110, 7, 0),
(13157, 677, 51, 111, 7, 0),
(13158, 678, 25, 106, 8.68, 0),
(13159, 678, 25, 107, 10, 0),
(13160, 678, 25, 108, 9, 0),
(13161, 678, 25, 109, 9, 0),
(13162, 678, 25, 110, 9, 0),
(13163, 678, 25, 111, 9, 0),
(13164, 678, 46, 106, 8.68, 0),
(13165, 678, 46, 107, 6, 0),
(13166, 678, 46, 108, 5, 0),
(13167, 678, 46, 109, 7, 0),
(13168, 678, 46, 110, 9.5, 0),
(13169, 678, 46, 111, 7.5, 0),
(13170, 678, 47, 106, 8.68, 0),
(13171, 678, 47, 107, 8, 0),
(13172, 678, 47, 108, 8, 0),
(13173, 678, 47, 109, 8.5, 0),
(13174, 678, 47, 110, 9, 0),
(13175, 678, 47, 111, 8.5, 0),
(13176, 678, 48, 106, 8.68, 0),
(13177, 678, 48, 107, 8, 0),
(13178, 678, 48, 108, 8.8, 0),
(13179, 678, 48, 109, 9.2, 0),
(13180, 678, 48, 110, 8, 0),
(13181, 678, 48, 111, 8.78, 0),
(13182, 678, 49, 106, 8.68, 0),
(13183, 678, 49, 107, 8.1, 0),
(13184, 678, 49, 108, 7.8, 0),
(13185, 678, 49, 109, 8.8, 0),
(13186, 678, 49, 110, 8.8, 0),
(13187, 678, 49, 111, 7.8, 0),
(13188, 678, 50, 106, 8.68, 0),
(13189, 678, 50, 107, 8.5, 0),
(13190, 678, 50, 108, 7.2, 0),
(13191, 678, 50, 109, 8.3, 0),
(13192, 678, 50, 110, 8.9, 0),
(13193, 678, 50, 111, 8, 0),
(13194, 678, 51, 106, 8.68, 0),
(13195, 678, 51, 107, 8.4, 0),
(13196, 678, 51, 108, 7.2, 0),
(13197, 678, 51, 109, 8, 0),
(13198, 678, 51, 110, 8.7, 0),
(13199, 678, 51, 111, 7.5, 0),
(13200, 679, 25, 106, 8.11, 0),
(13201, 679, 25, 107, 5, 0),
(13202, 679, 25, 108, 5, 0),
(13203, 679, 25, 109, 7, 0),
(13204, 679, 25, 110, 6, 0),
(13205, 679, 25, 111, 7, 0),
(13206, 679, 46, 106, 8.11, 0),
(13207, 679, 46, 107, 6, 0),
(13208, 679, 46, 108, 6, 0),
(13209, 679, 46, 109, 7.5, 0),
(13210, 679, 46, 110, 6.5, 0),
(13211, 679, 46, 111, 6, 0),
(13212, 679, 47, 106, 8.11, 0),
(13213, 679, 47, 107, 6, 0),
(13214, 679, 47, 108, 7, 0),
(13215, 679, 47, 109, 7, 0),
(13216, 679, 47, 110, 6, 0),
(13217, 679, 47, 111, 6, 0),
(13218, 679, 48, 106, 8.11, 0),
(13219, 679, 48, 107, 5, 0),
(13220, 679, 48, 108, 6, 0),
(13221, 679, 48, 109, 6, 0),
(13222, 679, 48, 110, 7.8, 0),
(13223, 679, 48, 111, 7, 0),
(13224, 679, 49, 106, 8.11, 0),
(13225, 679, 49, 107, 8.9, 0),
(13226, 679, 49, 108, 8.8, 0),
(13227, 679, 49, 109, 9.7, 0),
(13228, 679, 49, 110, 7.7, 0),
(13229, 679, 49, 111, 8.7, 0),
(13230, 679, 50, 106, 8.11, 0),
(13231, 679, 50, 107, 7.5, 0),
(13232, 679, 50, 108, 8.2, 0),
(13233, 679, 50, 109, 7.6, 0),
(13234, 679, 50, 110, 7.8, 0),
(13235, 679, 50, 111, 9, 0),
(13236, 679, 51, 106, 8.11, 0),
(13237, 679, 51, 107, 9, 0),
(13238, 679, 51, 108, 8, 0),
(13239, 679, 51, 109, 8.5, 0),
(13240, 679, 51, 110, 7.8, 0),
(13241, 679, 51, 111, 7, 0),
(13242, 680, 25, 106, 8.75, 0),
(13243, 680, 25, 107, 7, 0),
(13244, 680, 25, 108, 6, 0),
(13245, 680, 25, 109, 7, 0),
(13246, 680, 25, 110, 7, 0),
(13247, 680, 25, 111, 6, 0),
(13248, 680, 46, 106, 8.75, 0),
(13249, 680, 46, 107, 6, 0),
(13250, 680, 46, 108, 7, 0),
(13251, 680, 46, 109, 6, 0),
(13252, 680, 46, 110, 6.8, 0),
(13253, 680, 46, 111, 5.5, 0),
(13254, 680, 47, 106, 8.75, 0),
(13255, 680, 47, 107, 7, 0),
(13256, 680, 47, 108, 7, 0),
(13257, 680, 47, 109, 8, 0),
(13258, 680, 47, 110, 9, 0),
(13259, 680, 47, 111, 8, 0),
(13260, 680, 48, 106, 8.75, 0),
(13261, 680, 48, 107, 5, 0),
(13262, 680, 48, 108, 7.4, 0),
(13263, 680, 48, 109, 8, 0),
(13264, 680, 48, 110, 8, 0),
(13265, 680, 48, 111, 8.4, 0),
(13266, 680, 49, 106, 8.75, 0),
(13267, 680, 49, 107, 8.6, 0),
(13268, 680, 49, 108, 9.8, 0),
(13269, 680, 49, 109, 7.5, 0),
(13270, 680, 49, 110, 9, 0),
(13271, 680, 49, 111, 8.9, 0),
(13272, 680, 50, 106, 8.75, 0),
(13273, 680, 50, 107, 9.5, 0),
(13274, 680, 50, 108, 8.8, 0),
(13275, 680, 50, 109, 9.4, 0),
(13276, 680, 50, 110, 9.8, 0),
(13277, 680, 50, 111, 8.9, 0),
(13278, 680, 51, 106, 8.75, 0),
(13279, 680, 51, 107, 7.5, 0),
(13280, 680, 51, 108, 8, 0),
(13281, 680, 51, 109, 8.5, 0),
(13282, 680, 51, 110, 9, 0),
(13283, 680, 51, 111, 7, 0),
(13284, 681, 25, 106, 8.58, 0),
(13285, 681, 25, 107, 8, 0),
(13286, 681, 25, 108, 10, 0),
(13287, 681, 25, 109, 6, 0),
(13288, 681, 25, 110, 7, 0),
(13289, 681, 25, 111, 8, 0),
(13290, 681, 46, 106, 8.58, 0),
(13291, 681, 46, 107, 8, 0),
(13292, 681, 46, 108, 9, 0),
(13293, 681, 46, 109, 9, 0),
(13294, 681, 46, 110, 7, 0),
(13295, 681, 46, 111, 10, 0),
(13296, 681, 47, 106, 8.58, 0),
(13297, 681, 47, 107, 7, 0),
(13298, 681, 47, 108, 9, 0),
(13299, 681, 47, 109, 9, 0),
(13300, 681, 47, 110, 7.5, 0),
(13301, 681, 47, 111, 9.5, 0),
(13302, 681, 48, 106, 8.58, 0),
(13303, 681, 48, 107, 8.6, 0),
(13304, 681, 48, 108, 9.5, 0),
(13305, 681, 48, 109, 9.3, 0),
(13306, 681, 48, 110, 8, 0),
(13307, 681, 48, 111, 9.4, 0),
(13308, 681, 49, 106, 8.58, 0),
(13309, 681, 49, 107, 7.9, 0),
(13310, 681, 49, 108, 8.8, 0),
(13311, 681, 49, 109, 9.9, 0),
(13312, 681, 49, 110, 7.7, 0),
(13313, 681, 49, 111, 9.5, 0),
(13314, 681, 50, 106, 8.58, 0),
(13315, 681, 50, 107, 8.6, 0),
(13316, 681, 50, 108, 7.8, 0),
(13317, 681, 50, 109, 7, 0),
(13318, 681, 50, 110, 8.9, 0),
(13319, 681, 50, 111, 9.5, 0),
(13320, 681, 51, 106, 8.58, 0),
(13321, 681, 51, 107, 7, 0),
(13322, 681, 51, 108, 9, 0),
(13323, 681, 51, 109, 9, 0),
(13324, 681, 51, 110, 7, 0),
(13325, 681, 51, 111, 9, 0),
(13326, 682, 25, 106, 8.77, 0),
(13327, 682, 25, 107, 9, 0),
(13328, 682, 25, 108, 9, 0),
(13329, 682, 25, 109, 8, 0),
(13330, 682, 25, 110, 9, 0),
(13331, 682, 25, 111, 7, 0),
(13332, 682, 46, 106, 8.77, 0),
(13333, 682, 46, 107, 7, 0),
(13334, 682, 46, 108, 8, 0),
(13335, 682, 46, 109, 6.5, 0),
(13336, 682, 46, 110, 10, 0),
(13337, 682, 46, 111, 6.5, 0),
(13338, 682, 47, 106, 8.77, 0),
(13339, 682, 47, 107, 6, 0),
(13340, 682, 47, 108, 6, 0),
(13341, 682, 47, 109, 5, 0),
(13342, 682, 47, 110, 8, 0),
(13343, 682, 47, 111, 6, 0),
(13344, 682, 48, 106, 8.77, 0),
(13345, 682, 48, 107, 5, 0),
(13346, 682, 48, 108, 7, 0),
(13347, 682, 48, 109, 7, 0),
(13348, 682, 48, 110, 7, 0),
(13349, 682, 48, 111, 7, 0),
(13350, 682, 49, 106, 8.77, 0),
(13351, 682, 49, 107, 9.9, 0),
(13352, 682, 49, 108, 8.6, 0),
(13353, 682, 49, 109, 9.8, 0),
(13354, 682, 49, 110, 9, 0),
(13355, 682, 49, 111, 8.6, 0),
(13356, 682, 50, 106, 8.77, 0),
(13357, 682, 50, 107, 7.7, 0),
(13358, 682, 50, 108, 6.7, 0),
(13359, 682, 50, 109, 8, 0),
(13360, 682, 50, 110, 8.4, 0),
(13361, 682, 50, 111, 6, 0),
(13362, 682, 51, 106, 8.77, 0),
(13363, 682, 51, 107, 7, 0),
(13364, 682, 51, 108, 7, 0),
(13365, 682, 51, 109, 7, 0),
(13366, 682, 51, 110, 7, 0),
(13367, 682, 51, 111, 7, 0),
(13368, 683, 25, 106, 8.7, 0),
(13369, 683, 25, 107, 7, 0),
(13370, 683, 25, 108, 7, 0),
(13371, 683, 25, 109, 7, 0),
(13372, 683, 25, 110, 8, 0),
(13373, 683, 25, 111, 8, 0),
(13374, 683, 46, 106, 8.7, 0),
(13375, 683, 46, 107, 5, 0),
(13376, 683, 46, 108, 5, 0),
(13377, 683, 46, 109, 6, 0),
(13378, 683, 46, 110, 7, 0),
(13379, 683, 46, 111, 5.5, 0),
(13380, 683, 47, 106, 8.7, 0),
(13381, 683, 47, 107, 7, 0),
(13382, 683, 47, 108, 6, 0),
(13383, 683, 47, 109, 5, 0),
(13384, 683, 47, 110, 8, 0),
(13385, 683, 47, 111, 7, 0),
(13386, 683, 48, 106, 8.7, 0),
(13387, 683, 48, 107, 6, 0),
(13388, 683, 48, 108, 6.8, 0),
(13389, 683, 48, 109, 7.6, 0),
(13390, 683, 48, 110, 9, 0),
(13391, 683, 48, 111, 7, 0),
(13392, 683, 49, 106, 8.7, 0),
(13393, 683, 49, 107, 6.7, 0),
(13394, 683, 49, 108, 8.5, 0),
(13395, 683, 49, 109, 7.6, 0),
(13396, 683, 49, 110, 9, 0),
(13397, 683, 49, 111, 7.7, 0),
(13398, 683, 50, 106, 8.7, 0),
(13399, 683, 50, 107, 5.5, 0),
(13400, 683, 50, 108, 5.5, 0),
(13401, 683, 50, 109, 5.4, 0),
(13402, 683, 50, 110, 8, 0),
(13403, 683, 50, 111, 6, 0),
(13404, 683, 51, 106, 8.7, 0),
(13405, 683, 51, 107, 7, 0),
(13406, 683, 51, 108, 7, 0),
(13407, 683, 51, 109, 7, 0),
(13408, 683, 51, 110, 7, 0),
(13409, 683, 51, 111, 7, 0),
(13970, 704, 25, 112, 8.43, 0),
(13971, 704, 25, 113, 6, 0),
(13972, 704, 25, 114, 6, 0),
(13973, 704, 46, 112, 8.43, 0),
(13974, 704, 46, 113, 9, 0),
(13975, 704, 46, 114, 8.5, 0),
(13976, 704, 47, 112, 8.43, 0),
(13977, 704, 47, 113, 7.5, 0),
(13978, 704, 47, 114, 9.5, 0),
(13979, 704, 48, 112, 8.43, 0),
(13980, 704, 48, 113, 9.3, 0),
(13981, 704, 48, 114, 9.4, 0),
(13982, 704, 49, 112, 8.43, 0),
(13983, 704, 49, 113, 8.8, 0),
(13984, 704, 49, 114, 8.7, 0),
(13985, 704, 50, 112, 8.43, 0),
(13986, 704, 50, 113, 8.3, 0),
(13987, 704, 50, 114, 8.5, 0),
(13988, 704, 51, 112, 8.43, 0),
(13989, 704, 51, 113, 8.5, 0),
(13990, 704, 51, 114, 8, 0),
(13991, 705, 25, 112, 8.14, 0),
(13992, 705, 25, 113, 7, 0),
(13993, 705, 25, 114, 7, 0),
(13994, 705, 46, 112, 8.14, 0),
(13995, 705, 46, 113, 9, 0),
(13996, 705, 46, 114, 7.5, 0),
(13997, 705, 47, 112, 8.14, 0),
(13998, 705, 47, 113, 9.5, 0),
(13999, 705, 47, 114, 9, 0),
(14000, 705, 48, 112, 8.14, 0),
(14001, 705, 48, 113, 9.5, 0),
(14002, 705, 48, 114, 9.4, 0),
(14003, 705, 49, 112, 8.14, 0),
(14004, 705, 49, 113, 8.9, 0),
(14005, 705, 49, 114, 8.6, 0),
(14006, 705, 50, 112, 8.14, 0),
(14007, 705, 50, 113, 8.9, 0),
(14008, 705, 50, 114, 8.6, 0),
(14009, 705, 51, 112, 8.14, 0),
(14010, 705, 51, 113, 8, 0),
(14011, 705, 51, 114, 9, 0),
(14012, 706, 25, 112, 8.34, 0),
(14013, 706, 25, 113, 9, 0),
(14014, 706, 25, 114, 9, 0),
(14015, 706, 46, 112, 8.34, 0),
(14016, 706, 46, 113, 8.5, 0),
(14017, 706, 46, 114, 9, 0),
(14018, 706, 47, 112, 8.34, 0),
(14019, 706, 47, 113, 9, 0),
(14020, 706, 47, 114, 9.5, 0),
(14021, 706, 48, 112, 8.34, 0),
(14022, 706, 48, 113, 8.9, 0),
(14023, 706, 48, 114, 9.2, 0),
(14024, 706, 49, 112, 8.34, 0),
(14025, 706, 49, 113, 8.9, 0),
(14026, 706, 49, 114, 9, 0),
(14027, 706, 50, 112, 8.34, 0),
(14028, 706, 50, 113, 8.9, 0),
(14029, 706, 50, 114, 9.2, 0),
(14030, 706, 51, 112, 8.34, 0),
(14031, 706, 51, 113, 8.5, 0),
(14032, 706, 51, 114, 8.8, 0),
(14033, 707, 25, 112, 7.96, 0),
(14034, 707, 25, 113, 8, 0),
(14035, 707, 25, 114, 10, 0),
(14036, 707, 46, 112, 7.96, 0),
(14037, 707, 46, 113, 8, 0),
(14038, 707, 46, 114, 7.5, 0),
(14039, 707, 47, 112, 7.96, 0),
(14040, 707, 47, 113, 8, 0),
(14041, 707, 47, 114, 8.5, 0),
(14042, 707, 48, 112, 7.96, 0),
(14043, 707, 48, 113, 7, 0),
(14044, 707, 48, 114, 9, 0),
(14045, 707, 49, 112, 7.96, 0),
(14046, 707, 49, 113, 9, 0),
(14047, 707, 49, 114, 9, 0),
(14048, 707, 50, 112, 7.96, 0),
(14049, 707, 50, 113, 9.8, 0),
(14050, 707, 50, 114, 9.8, 0),
(14051, 707, 51, 112, 7.96, 0),
(14052, 707, 51, 113, 8.9, 0),
(14053, 707, 51, 114, 8.9, 0),
(14054, 708, 25, 112, 7.78, 0),
(14055, 708, 25, 113, 9, 0),
(14056, 708, 25, 114, 10, 0),
(14057, 708, 46, 112, 7.78, 0),
(14058, 708, 46, 113, 7.5, 0),
(14059, 708, 46, 114, 9, 0),
(14060, 708, 47, 112, 7.78, 0),
(14061, 708, 47, 113, 6, 0),
(14062, 708, 47, 114, 9, 0),
(14063, 708, 48, 112, 7.78, 0),
(14064, 708, 48, 113, 6, 0),
(14065, 708, 48, 114, 9, 0),
(14066, 708, 49, 112, 7.78, 0),
(14067, 708, 49, 113, 8.8, 0),
(14068, 708, 49, 114, 7.7, 0),
(14069, 708, 50, 112, 7.78, 0),
(14070, 708, 50, 113, 8, 0),
(14071, 708, 50, 114, 8.5, 0),
(14072, 708, 51, 112, 7.78, 0),
(14073, 708, 51, 113, 7, 0),
(14074, 708, 51, 114, 7, 0),
(14075, 709, 25, 115, 8, 0),
(14076, 709, 25, 116, 8, 0),
(14077, 709, 46, 115, 8, 0),
(14078, 709, 46, 116, 7.5, 0),
(14079, 709, 47, 115, 9, 0),
(14080, 709, 47, 116, 8, 0),
(14081, 709, 48, 115, 8, 0),
(14082, 709, 48, 116, 8, 0),
(14083, 709, 49, 115, 9, 0),
(14084, 709, 49, 116, 7.8, 0),
(14085, 709, 50, 115, 9, 0),
(14086, 709, 50, 116, 8.9, 0),
(14087, 709, 51, 115, 9, 0),
(14088, 709, 51, 116, 8, 0),
(14089, 710, 25, 115, 8, 0),
(14090, 710, 25, 116, 7, 0),
(14091, 710, 46, 115, 9, 0),
(14092, 710, 46, 116, 6, 0),
(14093, 710, 47, 115, 7.5, 0),
(14094, 710, 47, 116, 8, 0),
(14095, 710, 48, 115, 9, 0),
(14096, 710, 48, 116, 8, 0),
(14097, 710, 49, 115, 9, 0),
(14098, 710, 49, 116, 8.7, 0),
(14099, 710, 50, 115, 8.9, 0),
(14100, 710, 50, 116, 9, 0),
(14101, 710, 51, 115, 8, 0),
(14102, 710, 51, 116, 8, 0),
(14103, 711, 25, 115, 9, 0),
(14104, 711, 25, 116, 9, 0),
(14105, 711, 46, 115, 9, 0),
(14106, 711, 46, 116, 9.5, 0),
(14107, 711, 47, 115, 9, 0),
(14108, 711, 47, 116, 10, 0),
(14109, 711, 48, 115, 10, 0),
(14110, 711, 48, 116, 10, 0),
(14111, 711, 49, 115, 9, 0),
(14112, 711, 49, 116, 9, 0),
(14113, 711, 50, 115, 9.4, 0),
(14114, 711, 50, 116, 9, 0),
(14115, 711, 51, 115, 9, 0),
(14116, 711, 51, 116, 8, 0);

-- --------------------------------------------------------

--
-- Table structure for table `tbl_users`
--

CREATE TABLE `tbl_users` (
  `user_id` int(11) NOT NULL,
  `full_name` varchar(255) DEFAULT NULL,
  `username` varchar(255) DEFAULT NULL,
  `password` varchar(255) DEFAULT NULL,
  `roles_id` int(11) DEFAULT NULL,
  `active` int(11) DEFAULT NULL
) ENGINE=InnoDB DEFAULT CHARSET=utf8mb4 COLLATE=utf8mb4_general_ci ROW_FORMAT=DYNAMIC;

--
-- Dumping data for table `tbl_users`
--

INSERT INTO `tbl_users` (`user_id`, `full_name`, `username`, `password`, `roles_id`, `active`) VALUES
(24, 'Ronald Besinga', 'admin', '202cb962ac59075b964b07152d234b70', 1, 1),
(25, 'Judge 1', 'judge1', '202cb962ac59075b964b07152d234b70', 3, 1),
(46, 'Judge 2', 'judge2', '202cb962ac59075b964b07152d234b70', 3, 1),
(47, 'Judge 3', 'judge3', '202cb962ac59075b964b07152d234b70', 3, 1),
(48, 'Judge 4', 'judge4', '202cb962ac59075b964b07152d234b70', 3, 1),
(49, 'Judge 5', 'judge5', '202cb962ac59075b964b07152d234b70', 3, 1),
(50, 'Judge 6', 'Judge6', '202cb962ac59075b964b07152d234b70', 3, 1),
(51, 'Judge 7', 'judge7', '202cb962ac59075b964b07152d234b70', 3, 1),
(52, 'Judge 8', 'judge8', '202cb962ac59075b964b07152d234b70', 3, 0),
(53, 'Judge 9', 'judge9', '202cb962ac59075b964b07152d234b70', 3, 0);

-- --------------------------------------------------------

--
-- Table structure for table `tbl_users_role`
--

CREATE TABLE `tbl_users_role` (
  `roles_id` int(11) NOT NULL,
  `roles_desc` varchar(50) DEFAULT NULL
) ENGINE=InnoDB DEFAULT CHARSET=utf8mb4 COLLATE=utf8mb4_general_ci ROW_FORMAT=DYNAMIC;

--
-- Dumping data for table `tbl_users_role`
--

INSERT INTO `tbl_users_role` (`roles_id`, `roles_desc`) VALUES
(1, 'System Admin'),
(3, 'Judge');

--
-- Indexes for dumped tables
--

--
-- Indexes for table `active_round`
--
ALTER TABLE `active_round`
  ADD PRIMARY KEY (`criteria_active_id`);

--
-- Indexes for table `tbl_contestant`
--
ALTER TABLE `tbl_contestant`
  ADD PRIMARY KEY (`contestant_id`);

--
-- Indexes for table `tbl_contestant_round`
--
ALTER TABLE `tbl_contestant_round`
  ADD PRIMARY KEY (`contestant_round_id`);

--
-- Indexes for table `tbl_criteria`
--
ALTER TABLE `tbl_criteria`
  ADD PRIMARY KEY (`criteria_id`);

--
-- Indexes for table `tbl_tabulations`
--
ALTER TABLE `tbl_tabulations`
  ADD PRIMARY KEY (`tabulation_id`);

--
-- Indexes for table `tbl_users`
--
ALTER TABLE `tbl_users`
  ADD PRIMARY KEY (`user_id`);

--
-- Indexes for table `tbl_users_role`
--
ALTER TABLE `tbl_users_role`
  ADD PRIMARY KEY (`roles_id`);

--
-- AUTO_INCREMENT for dumped tables
--

--
-- AUTO_INCREMENT for table `active_round`
--
ALTER TABLE `active_round`
  MODIFY `criteria_active_id` int(11) NOT NULL AUTO_INCREMENT, AUTO_INCREMENT=293;

--
-- AUTO_INCREMENT for table `tbl_contestant`
--
ALTER TABLE `tbl_contestant`
  MODIFY `contestant_id` int(11) NOT NULL AUTO_INCREMENT, AUTO_INCREMENT=127;

--
-- AUTO_INCREMENT for table `tbl_contestant_round`
--
ALTER TABLE `tbl_contestant_round`
  MODIFY `contestant_round_id` int(11) NOT NULL AUTO_INCREMENT, AUTO_INCREMENT=712;

--
-- AUTO_INCREMENT for table `tbl_criteria`
--
ALTER TABLE `tbl_criteria`
  MODIFY `criteria_id` int(11) NOT NULL AUTO_INCREMENT, AUTO_INCREMENT=122;

--
-- AUTO_INCREMENT for table `tbl_tabulations`
--
ALTER TABLE `tbl_tabulations`
  MODIFY `tabulation_id` int(11) NOT NULL AUTO_INCREMENT, AUTO_INCREMENT=14117;

--
-- AUTO_INCREMENT for table `tbl_users`
--
ALTER TABLE `tbl_users`
  MODIFY `user_id` int(11) NOT NULL AUTO_INCREMENT, AUTO_INCREMENT=54;

--
-- AUTO_INCREMENT for table `tbl_users_role`
--
ALTER TABLE `tbl_users_role`
  MODIFY `roles_id` int(11) NOT NULL AUTO_INCREMENT, AUTO_INCREMENT=4;
COMMIT;

/*!40101 SET CHARACTER_SET_CLIENT=@OLD_CHARACTER_SET_CLIENT */;
/*!40101 SET CHARACTER_SET_RESULTS=@OLD_CHARACTER_SET_RESULTS */;
/*!40101 SET COLLATION_CONNECTION=@OLD_COLLATION_CONNECTION */;
